epoch, iteration,out0,1,tensor([[-0.0614,0.0026, -0.0570]], grad_fn=<AddmmBackward>)
0,2,tensor([[-0.0594,0.023, -0.0223]], grad_fn=<AddmmBackward>),,
0,3,tensor([[-0.0554,0.0132, -0.0398]], grad_fn=<AddmmBackward>),,
0,4,tensor([[-0.0647,0.0136, -0.0345]], grad_fn=<AddmmBackward>),,
0,5,tensor([[-0.0844,0.0038, -0.0564]], grad_fn=<AddmmBackward>),,
0,6,tensor([[-0.0596,-0.0196, -0.1063]], grad_fn=<AddmmBackward>),,
0,7,tensor([[-0.1629,-0.0543, -0.1342]], grad_fn=<AddmmBackward>),,
0,8,tensor([[-0.2359,-0.0203,  0.1250]], grad_fn=<AddmmBackward>),,
0,9,tensor([[-0.2756,0.2984,  0.2194]], grad_fn=<AddmmBackward>),,
0,10,tensor([[ 0.1467,-0.1627,  0.0625]], grad_fn=<AddmmBackward>),,
0,11,tensor([[-0.3818,0.0598,  0.2212]], grad_fn=<AddmmBackward>),,
0,12,tensor([[-0.1248,0.0441,  0.1182]], grad_fn=<AddmmBackward>),,
0,13,tensor([[-0.1081,-0.0408,  0.2972]], grad_fn=<AddmmBackward>),,
0,14,tensor([[-0.3518,0.1733,  0.2292]], grad_fn=<AddmmBackward>),,
0,15,tensor([[-0.1707,0.1547,  0.4371]], grad_fn=<AddmmBackward>),,
0,16,tensor([[-0.0328,-0.2298,  0.7084]], grad_fn=<AddmmBackward>),,
0,17,tensor([[0.1267,0.342, 0.4438]], grad_fn=<AddmmBackward>),,
0,18,tensor([[0.1965,0.1031, 0.6218]], grad_fn=<AddmmBackward>),,
0,19,tensor([[0.0498,0.0574, 0.6039]], grad_fn=<AddmmBackward>),,
0,20,tensor([[-0.0311,0.3628,  0.8597]], grad_fn=<AddmmBackward>),,
0,21,tensor([[0.4095,0.4204, 1.1932]], grad_fn=<AddmmBackward>),,
0,22,tensor([[0.3242,0.4201, 1.2248]], grad_fn=<AddmmBackward>),,
0,23,tensor([[0.2943,0.9162, 1.0578]], grad_fn=<AddmmBackward>),,
0,24,tensor([[0.6076,0.7824, 1.7112]], grad_fn=<AddmmBackward>),,
0,25,tensor([[0.7044,1.4282, 2.4531]], grad_fn=<AddmmBackward>),,
0,26,tensor([[1.0149,1.5245, 2.3936]], grad_fn=<AddmmBackward>),,
0,27,tensor([[0.4359,0.6769, 1.3088]], grad_fn=<AddmmBackward>),,
0,28,tensor([[0.7159,1.318, 1.8584]], grad_fn=<AddmmBackward>),,
0,29,tensor([[1.4500,2.2199, 2.8207]], grad_fn=<AddmmBackward>),,
1,1,tensor([[0.1720,0.2758, 0.2439]], grad_fn=<AddmmBackward>),,
1,2,tensor([[0.1808,0.2979, 0.2645]], grad_fn=<AddmmBackward>),,
1,3,tensor([[0.1828,0.3166, 0.2733]], grad_fn=<AddmmBackward>),,
1,4,tensor([[0.1700,0.2943, 0.2583]], grad_fn=<AddmmBackward>),,
1,5,tensor([[0.3885,0.5615, 0.6289]], grad_fn=<AddmmBackward>),,
1,6,tensor([[0.6441,1.0255, 1.1439]], grad_fn=<AddmmBackward>),,
1,7,tensor([[0.9308,1.7332, 1.6202]], grad_fn=<AddmmBackward>),,
1,8,tensor([[1.9154,2.6, 2.7999]], grad_fn=<AddmmBackward>),,
1,9,tensor([[2.1609,2.5916, 3.0054]], grad_fn=<AddmmBackward>),,
1,10,tensor([[2.3982,3.3491, 3.4827]], grad_fn=<AddmmBackward>),,
1,11,tensor([[2.5101,2.9843, 3.4893]], grad_fn=<AddmmBackward>),,
1,12,tensor([[2.2880,3.3625, 3.4905]], grad_fn=<AddmmBackward>),,
1,13,tensor([[2.7031,3.6737, 3.9956]], grad_fn=<AddmmBackward>),,
1,14,tensor([[2.8942,3.5195, 3.9512]], grad_fn=<AddmmBackward>),,
1,15,tensor([[3.0800,3.9344, 4.4222]], grad_fn=<AddmmBackward>),,
1,16,tensor([[3.0997,3.7404, 4.2695]], grad_fn=<AddmmBackward>),,
1,17,tensor([[3.2244,4.1517, 4.6550]], grad_fn=<AddmmBackward>),,
1,18,tensor([[2.9696,3.6017, 4.3042]], grad_fn=<AddmmBackward>),,
1,19,tensor([[2.8675,3.361, 3.9691]], grad_fn=<AddmmBackward>),,
1,20,tensor([[2.9446,3.8088, 4.2617]], grad_fn=<AddmmBackward>),,
1,21,tensor([[3.3928,3.9963, 4.7629]], grad_fn=<AddmmBackward>),,
1,22,tensor([[3.6648,4.3964, 5.2996]], grad_fn=<AddmmBackward>),,
1,23,tensor([[3.4449,4.4749, 5.2561]], grad_fn=<AddmmBackward>),,
1,24,tensor([[4.0031,5.0239, 6.0035]], grad_fn=<AddmmBackward>),,
1,25,tensor([[4.4923,5.7314, 6.7376]], grad_fn=<AddmmBackward>),,
1,26,tensor([[4.3858,5.5793, 6.9794]], grad_fn=<AddmmBackward>),,
1,27,tensor([[5.3912,6.7888, 8.4215]], grad_fn=<AddmmBackward>),,
1,28,tensor([[5.3451,7.2571, 8.7868]], grad_fn=<AddmmBackward>),,
1,29,tensor([[5.5589,7.5885, 9.1456]], grad_fn=<AddmmBackward>),,
2,1,tensor([[0.3915,0.5648, 0.5811]], grad_fn=<AddmmBackward>),,
2,2,tensor([[0.3947,0.5634, 0.5737]], grad_fn=<AddmmBackward>),,
2,3,tensor([[0.3698,0.5317, 0.5471]], grad_fn=<AddmmBackward>),,
2,4,tensor([[0.3771,0.554, 0.5351]], grad_fn=<AddmmBackward>),,
2,5,tensor([[1.2302,1.505, 1.7495]], grad_fn=<AddmmBackward>),,
2,6,tensor([[2.8056,3.4897, 4.0728]], grad_fn=<AddmmBackward>),,
2,7,tensor([[4.7683,6.0756, 6.7341]], grad_fn=<AddmmBackward>),,
2,8,tensor([[5.3185,6.7104, 7.4704]], grad_fn=<AddmmBackward>),,
2,9,tensor([[ 6.9520,8.8609, 10.1781]], grad_fn=<AddmmBackward>),,
2,10,tensor([[6.3472,8.1511, 9.2186]], grad_fn=<AddmmBackward>),,
2,11,tensor([[ 7.0830,8.5662, 10.0448]], grad_fn=<AddmmBackward>),,
2,12,tensor([[ 7.8414,9.7682, 11.2106]], grad_fn=<AddmmBackward>),,
2,13,tensor([[6.8141,8.3771, 9.5864]], grad_fn=<AddmmBackward>),,
2,14,tensor([[ 7.6373,9.464, 11.3795]], grad_fn=<AddmmBackward>),,
2,15,tensor([[6.8402,8.5302, 9.5521]], grad_fn=<AddmmBackward>),,
2,16,tensor([[ 7.9875,9.6317, 11.2619]], grad_fn=<AddmmBackward>),,
2,17,tensor([[ 8.1215,9.753, 11.5611]], grad_fn=<AddmmBackward>),,
2,18,tensor([[ 8.8749,10.7923, 12.3626]], grad_fn=<AddmmBackward>),,
2,19,tensor([[ 8.6944,10.5022, 12.3202]], grad_fn=<AddmmBackward>),,
2,20,tensor([[ 8.2370,10.2165, 11.9477]], grad_fn=<AddmmBackward>),,
2,21,tensor([[ 9.1246,11.356, 13.1632]], grad_fn=<AddmmBackward>),,
2,22,tensor([[ 8.3237,10.5068, 12.4771]], grad_fn=<AddmmBackward>),,
2,23,tensor([[ 8.4929,10.446, 12.3343]], grad_fn=<AddmmBackward>),,
2,24,tensor([[ 8.5095,10.7858, 12.5203]], grad_fn=<AddmmBackward>),,
2,25,tensor([[ 9.2817,11.883, 13.6867]], grad_fn=<AddmmBackward>),,
2,26,tensor([[10.3039,12.7967, 15.2907]], grad_fn=<AddmmBackward>),,
2,27,tensor([[10.9871,13.4922, 16.4664]], grad_fn=<AddmmBackward>),,
2,28,tensor([[11.5891,14.6149, 17.5525]], grad_fn=<AddmmBackward>),,
2,29,tensor([[12.0211,15.2843, 18.1961]], grad_fn=<AddmmBackward>),,
3,1,tensor([[0.6847,0.9255, 0.9786]], grad_fn=<AddmmBackward>),,
3,2,tensor([[0.6984,0.9517, 0.9851]], grad_fn=<AddmmBackward>),,
3,3,tensor([[0.5422,0.7669, 0.7796]], grad_fn=<AddmmBackward>),,
3,4,tensor([[0.6147,0.8419, 0.8799]], grad_fn=<AddmmBackward>),,
3,5,tensor([[2.2005,2.8082, 3.1050]], grad_fn=<AddmmBackward>),,
3,6,tensor([[5.0271,6.2375, 7.0817]], grad_fn=<AddmmBackward>),,
3,7,tensor([[10.8115,13.5789, 15.2405]], grad_fn=<AddmmBackward>),,
3,8,tensor([[12.0421,15.0132, 17.0811]], grad_fn=<AddmmBackward>),,
3,9,tensor([[12.8807,16.0136, 18.2539]], grad_fn=<AddmmBackward>),,
3,10,tensor([[13.6336,16.9918, 19.0730]], grad_fn=<AddmmBackward>),,
3,11,tensor([[14.9767,18.5434, 21.0730]], grad_fn=<AddmmBackward>),,
3,12,tensor([[12.9039,15.717, 17.9653]], grad_fn=<AddmmBackward>),,
3,13,tensor([[14.9537,18.4052, 20.7620]], grad_fn=<AddmmBackward>),,
3,14,tensor([[14.0204,17.4731, 19.7391]], grad_fn=<AddmmBackward>),,
3,15,tensor([[13.0315,16.5038, 18.1426]], grad_fn=<AddmmBackward>),,
3,16,tensor([[14.0330,17.3388, 19.5248]], grad_fn=<AddmmBackward>),,
3,17,tensor([[14.0956,17.2576, 19.8632]], grad_fn=<AddmmBackward>),,
3,18,tensor([[14.2529,17.6734, 20.0602]], grad_fn=<AddmmBackward>),,
3,19,tensor([[14.8352,18.4206, 20.7784]], grad_fn=<AddmmBackward>),,
3,20,tensor([[14.7686,18.4121, 20.8704]], grad_fn=<AddmmBackward>),,
3,21,tensor([[14.2607,17.3933, 20.3652]], grad_fn=<AddmmBackward>),,
3,22,tensor([[13.3119,16.4643, 19.1869]], grad_fn=<AddmmBackward>),,
3,23,tensor([[14.4341,18.1273, 20.5128]], grad_fn=<AddmmBackward>),,
3,24,tensor([[15.3273,18.9872, 21.9039]], grad_fn=<AddmmBackward>),,
3,25,tensor([[14.6715,18.3722, 21.2381]], grad_fn=<AddmmBackward>),,
3,26,tensor([[0.3857,1.0739, 0.2408]], grad_fn=<AddmmBackward>),,
3,27,tensor([[0.3288,0.6126, 0.2725]], grad_fn=<AddmmBackward>),,
3,28,tensor([[0.7824,1.4618, 1.2548]], grad_fn=<AddmmBackward>),,
3,29,tensor([[0.1276,0.6767, 0.3529]], grad_fn=<AddmmBackward>),,
4,1,tensor([[0.9150,1.2218, 1.3212]], grad_fn=<AddmmBackward>),,
4,2,tensor([[0.9206,1.2242, 1.2786]], grad_fn=<AddmmBackward>),,
4,3,tensor([[1.0116,1.3627, 1.4686]], grad_fn=<AddmmBackward>),,
4,4,tensor([[0.9262,1.2268, 1.3104]], grad_fn=<AddmmBackward>),,
4,5,tensor([[2.1188,2.9909, 2.8494]], grad_fn=<AddmmBackward>),,
4,6,tensor([[2.0314,2.3705, 1.9574]], grad_fn=<AddmmBackward>),,
4,7,tensor([[3.0672,4.3117, 4.2120]], grad_fn=<AddmmBackward>),,
4,8,tensor([[5.3725,6.9476, 7.4014]], grad_fn=<AddmmBackward>),,
4,9,tensor([[2.3705,3.1057, 2.7903]], grad_fn=<AddmmBackward>),,
4,10,tensor([[6.1198,8.1551, 8.4398]], grad_fn=<AddmmBackward>),,
4,11,tensor([[5.6402,7.4417, 7.6829]], grad_fn=<AddmmBackward>),,
4,12,tensor([[4.0569,5.7259, 5.6823]], grad_fn=<AddmmBackward>),,
4,13,tensor([[5.3487,7.1897, 7.5446]], grad_fn=<AddmmBackward>),,
4,14,tensor([[5.9577,7.3747, 8.1606]], grad_fn=<AddmmBackward>),,
4,15,tensor([[4.7672,5.9808, 6.4716]], grad_fn=<AddmmBackward>),,
4,16,tensor([[5.3358,6.6897, 6.8860]], grad_fn=<AddmmBackward>),,
4,17,tensor([[5.2388,6.5878, 7.1004]], grad_fn=<AddmmBackward>),,
4,18,tensor([[6.7828,8.8772, 9.4293]], grad_fn=<AddmmBackward>),,
4,19,tensor([[6.9441,9.0536, 9.4776]], grad_fn=<AddmmBackward>),,
4,20,tensor([[4.4812,5.5526, 5.9111]], grad_fn=<AddmmBackward>),,
4,21,tensor([[5.9397,7.7152, 7.8064]], grad_fn=<AddmmBackward>),,
4,22,tensor([[5.5791,7.3496, 7.7376]], grad_fn=<AddmmBackward>),,
4,23,tensor([[6.0962,7.7729, 8.8275]], grad_fn=<AddmmBackward>),,
4,24,tensor([[6.9421,9.1401, 9.6254]], grad_fn=<AddmmBackward>),,
4,25,tensor([[6.0858,7.8659, 8.7908]], grad_fn=<AddmmBackward>),,
4,26,tensor([[6.2254,8.161, 8.9089]], grad_fn=<AddmmBackward>),,
4,27,tensor([[ 7.3036,9.7016, 10.4502]], grad_fn=<AddmmBackward>),,
4,28,tensor([[5.0364,6.5933, 7.3232]], grad_fn=<AddmmBackward>),,
4,29,tensor([[ 7.5535,9.9499, 10.6939]], grad_fn=<AddmmBackward>),,
5,1,tensor([[1.0203,1.36, 1.4588]], grad_fn=<AddmmBackward>),,
5,2,tensor([[1.1698,1.5265, 1.6143]], grad_fn=<AddmmBackward>),,
5,3,tensor([[1.1664,1.5282, 1.6358]], grad_fn=<AddmmBackward>),,
5,4,tensor([[1.0353,1.3561, 1.4505]], grad_fn=<AddmmBackward>),,
5,5,tensor([[ 7.6888,9.9708, 10.7003]], grad_fn=<AddmmBackward>),,
5,6,tensor([[ 8.7037,11.0776, 11.8082]], grad_fn=<AddmmBackward>),,
5,7,tensor([[ 7.9060,10.0424, 10.9255]], grad_fn=<AddmmBackward>),,
5,8,tensor([[ 8.5543,11.1747, 11.8524]], grad_fn=<AddmmBackward>),,
5,9,tensor([[ 9.6818,12.5148, 13.2873]], grad_fn=<AddmmBackward>),,
5,10,tensor([[ 9.2890,11.7991, 12.5670]], grad_fn=<AddmmBackward>),,
5,11,tensor([[ 8.3236,10.8723, 11.7941]], grad_fn=<AddmmBackward>),,
5,12,tensor([[ 8.4562,10.9441, 11.4573]], grad_fn=<AddmmBackward>),,
5,13,tensor([[ 8.5306,11.027, 11.6689]], grad_fn=<AddmmBackward>),,
5,14,tensor([[ 7.8252,9.9282, 10.4995]], grad_fn=<AddmmBackward>),,
5,15,tensor([[ 9.9551,12.8526, 13.8766]], grad_fn=<AddmmBackward>),,
5,16,tensor([[ 7.9005,9.7863, 10.7242]], grad_fn=<AddmmBackward>),,
5,17,tensor([[5.8958,7.9402, 8.0875]], grad_fn=<AddmmBackward>),,
5,18,tensor([[ 9.6810,12.4697, 13.4621]], grad_fn=<AddmmBackward>),,
5,19,tensor([[ 7.2343,9.2349, 10.1146]], grad_fn=<AddmmBackward>),,
5,20,tensor([[ 8.3945,11.19, 11.7810]], grad_fn=<AddmmBackward>),,
5,21,tensor([[ 8.8540,11.024, 12.0221]], grad_fn=<AddmmBackward>),,
5,22,tensor([[10.0442,13.1467, 14.7456]], grad_fn=<AddmmBackward>),,
5,23,tensor([[ 9.5938,12.3434, 13.3531]], grad_fn=<AddmmBackward>),,
5,24,tensor([[ 9.1423,11.5194, 12.9144]], grad_fn=<AddmmBackward>),,
5,25,tensor([[ 7.6448,9.7298, 11.1579]], grad_fn=<AddmmBackward>),,
5,26,tensor([[ 9.5440,11.5116, 13.4933]], grad_fn=<AddmmBackward>),,
5,27,tensor([[11.5417,14.6994, 16.8797]], grad_fn=<AddmmBackward>),,
5,28,tensor([[11.0213,14.1605, 16.0229]], grad_fn=<AddmmBackward>),,
5,29,tensor([[11.8880,15.6147, 17.7067]], grad_fn=<AddmmBackward>),,
6,1,tensor([[1.5389,1.9794, 2.1706]], grad_fn=<AddmmBackward>),,
6,2,tensor([[1.4364,1.8729, 2.0171]], grad_fn=<AddmmBackward>),,
6,3,tensor([[1.4616,1.9084, 2.0754]], grad_fn=<AddmmBackward>),,
6,4,tensor([[1.4711,1.9188, 2.0765]], grad_fn=<AddmmBackward>),,
6,5,tensor([[11.4367,14.5954, 16.0041]], grad_fn=<AddmmBackward>),,
6,6,tensor([[11.1792,13.9744, 15.4800]], grad_fn=<AddmmBackward>),,
6,7,tensor([[12.6460,15.8487, 17.2458]], grad_fn=<AddmmBackward>),,
6,8,tensor([[13.2593,16.4483, 18.1873]], grad_fn=<AddmmBackward>),,
6,9,tensor([[11.5982,15.1714, 16.1633]], grad_fn=<AddmmBackward>),,
6,10,tensor([[12.9398,15.7492, 17.9051]], grad_fn=<AddmmBackward>),,
6,11,tensor([[12.3481,15.2968, 16.9278]], grad_fn=<AddmmBackward>),,
6,12,tensor([[14.5040,18.1256, 19.6794]], grad_fn=<AddmmBackward>),,
6,13,tensor([[14.4540,17.9323, 19.6993]], grad_fn=<AddmmBackward>),,
6,14,tensor([[14.5532,18.3976, 19.6542]], grad_fn=<AddmmBackward>),,
6,15,tensor([[15.3813,19.3707, 21.3984]], grad_fn=<AddmmBackward>),,
6,16,tensor([[14.1500,18.0765, 19.6730]], grad_fn=<AddmmBackward>),,
6,17,tensor([[13.0140,16.1779, 17.7998]], grad_fn=<AddmmBackward>),,
6,18,tensor([[14.4838,17.8378, 20.2809]], grad_fn=<AddmmBackward>),,
6,19,tensor([[13.1728,16.941, 18.3503]], grad_fn=<AddmmBackward>),,
6,20,tensor([[13.6572,17.436, 19.1495]], grad_fn=<AddmmBackward>),,
6,21,tensor([[14.6142,18.2706, 20.1106]], grad_fn=<AddmmBackward>),,
6,22,tensor([[14.3194,18.1195, 19.9157]], grad_fn=<AddmmBackward>),,
6,23,tensor([[11.9017,14.8613, 16.3497]], grad_fn=<AddmmBackward>),,
6,24,tensor([[15.1294,19.4999, 21.2790]], grad_fn=<AddmmBackward>),,
6,25,tensor([[14.9050,18.7554, 20.7822]], grad_fn=<AddmmBackward>),,
6,26,tensor([[15.7011,19.6352, 22.0431]], grad_fn=<AddmmBackward>),,
6,27,tensor([[16.6600,21.1266, 23.8492]], grad_fn=<AddmmBackward>),,
6,28,tensor([[17.0670,21.809, 24.5701]], grad_fn=<AddmmBackward>),,
6,29,tensor([[17.7402,22.4043, 25.1035]], grad_fn=<AddmmBackward>),,
7,1,tensor([[1.3493,1.748, 1.8371]], grad_fn=<AddmmBackward>),,
7,2,tensor([[1.7857,2.3198, 2.5171]], grad_fn=<AddmmBackward>),,
7,3,tensor([[1.7701,2.2812, 2.4796]], grad_fn=<AddmmBackward>),,
7,4,tensor([[1.2551,1.6565, 1.7368]], grad_fn=<AddmmBackward>),,
7,5,tensor([[15.5969,19.7616, 21.2355]], grad_fn=<AddmmBackward>),,
7,6,tensor([[17.8101,22.2408, 24.1916]], grad_fn=<AddmmBackward>),,
7,7,tensor([[17.5602,21.8627, 23.7754]], grad_fn=<AddmmBackward>),,
7,8,tensor([[18.9551,23.9283, 26.1050]], grad_fn=<AddmmBackward>),,
7,9,tensor([[16.2561,20.077, 22.0086]], grad_fn=<AddmmBackward>),,
7,10,tensor([[16.0063,20.1757, 21.9040]], grad_fn=<AddmmBackward>),,
7,11,tensor([[16.5023,20.4966, 22.3157]], grad_fn=<AddmmBackward>),,
7,12,tensor([[18.5445,23.3178, 25.4138]], grad_fn=<AddmmBackward>),,
7,13,tensor([[17.7870,21.4993, 23.8464]], grad_fn=<AddmmBackward>),,
7,14,tensor([[20.2427,25.0463, 27.7821]], grad_fn=<AddmmBackward>),,
7,15,tensor([[18.0130,22.7376, 24.6655]], grad_fn=<AddmmBackward>),,
7,16,tensor([[20.0878,24.9207, 27.4761]], grad_fn=<AddmmBackward>),,
7,17,tensor([[16.4613,20.6375, 22.7917]], grad_fn=<AddmmBackward>),,
7,18,tensor([[20.9890,26.4081, 28.6004]], grad_fn=<AddmmBackward>),,
7,19,tensor([[16.8080,21.0303, 22.7217]], grad_fn=<AddmmBackward>),,
7,20,tensor([[19.8062,24.5684, 27.0704]], grad_fn=<AddmmBackward>),,
7,21,tensor([[19.7534,24.8451, 27.0583]], grad_fn=<AddmmBackward>),,
7,22,tensor([[19.9453,25.0223, 27.5358]], grad_fn=<AddmmBackward>),,
7,23,tensor([[15.8029,19.381, 21.3292]], grad_fn=<AddmmBackward>),,
7,24,tensor([[17.1994,21.3382, 23.9312]], grad_fn=<AddmmBackward>),,
7,25,tensor([[19.1093,23.5278, 25.9692]], grad_fn=<AddmmBackward>),,
7,26,tensor([[18.8336,23.4, 25.9810]], grad_fn=<AddmmBackward>),,
7,27,tensor([[18.4347,23.3542, 26.1211]], grad_fn=<AddmmBackward>),,
7,28,tensor([[19.5479,24.6045, 27.6324]], grad_fn=<AddmmBackward>),,
7,29,tensor([[22.5414,28.1808, 31.7138]], grad_fn=<AddmmBackward>),,
8,1,tensor([[1.9085,2.4566, 2.6638]], grad_fn=<AddmmBackward>),,
8,2,tensor([[2.0942,2.6857, 2.9414]], grad_fn=<AddmmBackward>),,
8,3,tensor([[1.5092,1.9592, 2.0667]], grad_fn=<AddmmBackward>),,
8,4,tensor([[1.5391,1.9671, 2.0766]], grad_fn=<AddmmBackward>),,
8,5,tensor([[18.3433,22.6292, 24.9669]], grad_fn=<AddmmBackward>),,
8,6,tensor([[21.0334,26.4206, 28.9850]], grad_fn=<AddmmBackward>),,
8,7,tensor([[16.1364,20.0482, 21.9908]], grad_fn=<AddmmBackward>),,
8,8,tensor([[18.4715,23.4571, 25.5843]], grad_fn=<AddmmBackward>),,
8,9,tensor([[22.9038,28.6547, 31.2124]], grad_fn=<AddmmBackward>),,
8,10,tensor([[20.0498,24.8919, 27.1215]], grad_fn=<AddmmBackward>),,
8,11,tensor([[18.9196,23.7438, 26.2314]], grad_fn=<AddmmBackward>),,
8,12,tensor([[21.7849,26.982, 29.9657]], grad_fn=<AddmmBackward>),,
8,13,tensor([[23.2425,28.8111, 31.5982]], grad_fn=<AddmmBackward>),,
8,14,tensor([[23.5607,28.8941, 31.5183]], grad_fn=<AddmmBackward>),,
8,15,tensor([[20.0225,24.5487, 27.1947]], grad_fn=<AddmmBackward>),,
8,16,tensor([[24.4423,30.8554, 33.5978]], grad_fn=<AddmmBackward>),,
8,17,tensor([[22.6969,28.7843, 31.6682]], grad_fn=<AddmmBackward>),,
8,18,tensor([[22.0945,27.4795, 30.5266]], grad_fn=<AddmmBackward>),,
8,19,tensor([[24.8033,30.4762, 33.5745]], grad_fn=<AddmmBackward>),,
8,20,tensor([[24.5595,30.1633, 33.1939]], grad_fn=<AddmmBackward>),,
8,21,tensor([[18.0290,22.2337, 25.0161]], grad_fn=<AddmmBackward>),,
8,22,tensor([[22.6872,28.3938, 31.0350]], grad_fn=<AddmmBackward>),,
8,23,tensor([[22.3021,27.7976, 31.1430]], grad_fn=<AddmmBackward>),,
8,24,tensor([[24.5219,30.3862, 33.6355]], grad_fn=<AddmmBackward>),,
8,25,tensor([[21.7508,26.9461, 30.4124]], grad_fn=<AddmmBackward>),,
8,26,tensor([[25.4807,31.6952, 35.6508]], grad_fn=<AddmmBackward>),,
8,27,tensor([[26.3346,32.7686, 37.1285]], grad_fn=<AddmmBackward>),,
8,28,tensor([[23.6762,29.6121, 32.9413]], grad_fn=<AddmmBackward>),,
8,29,tensor([[23.0540,28.5685, 32.4199]], grad_fn=<AddmmBackward>),,
9,1,tensor([[1.7131,2.2108, 2.3248]], grad_fn=<AddmmBackward>),,
9,2,tensor([[2.3183,2.963, 3.2425]], grad_fn=<AddmmBackward>),,
9,3,tensor([[1.6857,2.1849, 2.2995]], grad_fn=<AddmmBackward>),,
9,4,tensor([[2.5308,3.1909, 3.4762]], grad_fn=<AddmmBackward>),,
9,5,tensor([[23.7654,29.42, 32.7069]], grad_fn=<AddmmBackward>),,
9,6,tensor([[24.9146,30.7198, 34.0962]], grad_fn=<AddmmBackward>),,
9,7,tensor([[21.3213,26.5941, 29.2350]], grad_fn=<AddmmBackward>),,
9,8,tensor([[28.3131,35.2902, 39.1638]], grad_fn=<AddmmBackward>),,
9,9,tensor([[25.4153,31.3185, 34.7438]], grad_fn=<AddmmBackward>),,
9,10,tensor([[23.2602,28.5372, 31.3587]], grad_fn=<AddmmBackward>),,
9,11,tensor([[25.1113,31.0318, 34.3280]], grad_fn=<AddmmBackward>),,
9,12,tensor([[26.0280,31.995, 35.7453]], grad_fn=<AddmmBackward>),,
9,13,tensor([[27.5652,34.3653, 37.8775]], grad_fn=<AddmmBackward>),,
9,14,tensor([[24.2178,30.4639, 33.6913]], grad_fn=<AddmmBackward>),,
9,15,tensor([[28.2477,35.0914, 38.6865]], grad_fn=<AddmmBackward>),,
9,16,tensor([[24.6614,30.3643, 33.5366]], grad_fn=<AddmmBackward>),,
9,17,tensor([[29.7555,36.885, 40.8444]], grad_fn=<AddmmBackward>),,
9,18,tensor([[26.3332,32.821, 36.2486]], grad_fn=<AddmmBackward>),,
9,19,tensor([[28.3728,35.4991, 38.9956]], grad_fn=<AddmmBackward>),,
9,20,tensor([[27.1236,33.9306, 37.7363]], grad_fn=<AddmmBackward>),,
9,21,tensor([[27.1209,33.672, 36.8009]], grad_fn=<AddmmBackward>),,
9,22,tensor([[23.9274,29.6575, 32.5873]], grad_fn=<AddmmBackward>),,
9,23,tensor([[27.3658,33.8819, 38.0532]], grad_fn=<AddmmBackward>),,
9,24,tensor([[29.2466,36.6541, 40.8827]], grad_fn=<AddmmBackward>),,
9,25,tensor([[22.8248,28.5842, 32.0836]], grad_fn=<AddmmBackward>),,
9,26,tensor([[30.4865,37.9776, 42.3616]], grad_fn=<AddmmBackward>),,
9,27,tensor([[32.6396,40.8942, 45.6873]], grad_fn=<AddmmBackward>),,
9,28,tensor([[32.0585,40.205, 45.1890]], grad_fn=<AddmmBackward>),,
9,29,tensor([[33.6588,41.968, 46.7651]], grad_fn=<AddmmBackward>),,
10,1,tensor([[1.9680,2.5014, 2.6887]], grad_fn=<AddmmBackward>),,
10,2,tensor([[1.7216,2.23, 2.3620]], grad_fn=<AddmmBackward>),,
10,3,tensor([[2.6867,3.3618, 3.6719]], grad_fn=<AddmmBackward>),,
10,4,tensor([[1.8288,2.352, 2.4581]], grad_fn=<AddmmBackward>),,
10,5,tensor([[27.5561,34.15, 37.3039]], grad_fn=<AddmmBackward>),,
10,6,tensor([[33.1934,41.2061, 45.3348]], grad_fn=<AddmmBackward>),,
10,7,tensor([[30.2694,37.3034, 41.0541]], grad_fn=<AddmmBackward>),,
10,8,tensor([[32.2221,39.4393, 43.0886]], grad_fn=<AddmmBackward>),,
10,9,tensor([[24.1821,30.0907, 32.7542]], grad_fn=<AddmmBackward>),,
10,10,tensor([[29.8618,37.0829, 40.8468]], grad_fn=<AddmmBackward>),,
10,11,tensor([[26.0763,32.4209, 35.6039]], grad_fn=<AddmmBackward>),,
10,12,tensor([[29.3119,36.2949, 40.2504]], grad_fn=<AddmmBackward>),,
10,13,tensor([[31.3117,38.8333, 42.8500]], grad_fn=<AddmmBackward>),,
10,14,tensor([[30.1355,37.1547, 40.9581]], grad_fn=<AddmmBackward>),,
10,15,tensor([[33.0821,40.8144, 45.1165]], grad_fn=<AddmmBackward>),,
10,16,tensor([[30.9305,38.1647, 42.0924]], grad_fn=<AddmmBackward>),,
10,17,tensor([[28.6307,35.0389, 38.4930]], grad_fn=<AddmmBackward>),,
10,18,tensor([[32.6034,40.3403, 44.4440]], grad_fn=<AddmmBackward>),,
10,19,tensor([[33.1612,40.8289, 45.1824]], grad_fn=<AddmmBackward>),,
10,20,tensor([[32.2159,39.5221, 43.8782]], grad_fn=<AddmmBackward>),,
10,21,tensor([[29.2868,36.317, 40.2869]], grad_fn=<AddmmBackward>),,
10,22,tensor([[28.6835,35.7505, 39.7230]], grad_fn=<AddmmBackward>),,
10,23,tensor([[29.0767,35.8784, 39.9305]], grad_fn=<AddmmBackward>),,
10,24,tensor([[34.6113,43.0514, 47.8368]], grad_fn=<AddmmBackward>),,
10,25,tensor([[29.4885,36.6731, 40.7647]], grad_fn=<AddmmBackward>),,
10,26,tensor([[33.5200,41.6226, 46.4820]], grad_fn=<AddmmBackward>),,
10,27,tensor([[35.4807,43.9875, 49.5908]], grad_fn=<AddmmBackward>),,
10,28,tensor([[36.0736,45.0001, 50.5955]], grad_fn=<AddmmBackward>),,
10,29,tensor([[34.9109,43.0214, 48.7298]], grad_fn=<AddmmBackward>),,
11,1,tensor([[3.3644,4.2003, 4.6059]], grad_fn=<AddmmBackward>),,
11,2,tensor([[2.2357,2.8374, 3.0287]], grad_fn=<AddmmBackward>),,
11,3,tensor([[1.6956,2.1969, 2.3240]], grad_fn=<AddmmBackward>),,
11,4,tensor([[1.9152,2.4839, 2.6388]], grad_fn=<AddmmBackward>),,
11,5,tensor([[32.3711,40.0205, 44.5011]], grad_fn=<AddmmBackward>),,
11,6,tensor([[33.2917,41.3067, 45.4504]], grad_fn=<AddmmBackward>),,
11,7,tensor([[27.4239,34.1394, 37.8058]], grad_fn=<AddmmBackward>),,
11,8,tensor([[27.6439,34.4351, 37.8142]], grad_fn=<AddmmBackward>),,
11,9,tensor([[25.8557,32.0484, 35.5064]], grad_fn=<AddmmBackward>),,
11,10,tensor([[31.1707,38.5802, 42.1238]], grad_fn=<AddmmBackward>),,
11,11,tensor([[30.3269,37.7548, 41.4658]], grad_fn=<AddmmBackward>),,
11,12,tensor([[32.2808,40.0153, 44.2288]], grad_fn=<AddmmBackward>),,
11,13,tensor([[32.6775,40.4363, 44.6535]], grad_fn=<AddmmBackward>),,
11,14,tensor([[27.7250,34.5718, 37.5791]], grad_fn=<AddmmBackward>),,
11,15,tensor([[31.7022,39.4057, 43.2974]], grad_fn=<AddmmBackward>),,
11,16,tensor([[34.3951,42.6999, 47.0156]], grad_fn=<AddmmBackward>),,
11,17,tensor([[30.4215,37.7308, 41.4765]], grad_fn=<AddmmBackward>),,
11,18,tensor([[32.5334,40.189, 44.4845]], grad_fn=<AddmmBackward>),,
11,19,tensor([[33.1572,40.8521, 45.2358]], grad_fn=<AddmmBackward>),,
11,20,tensor([[29.5478,36.3457, 39.7801]], grad_fn=<AddmmBackward>),,
11,21,tensor([[29.8505,36.7986, 40.9448]], grad_fn=<AddmmBackward>),,
11,22,tensor([[31.3023,38.8066, 43.0593]], grad_fn=<AddmmBackward>),,
11,23,tensor([[25.9085,31.9294, 35.2342]], grad_fn=<AddmmBackward>),,
11,24,tensor([[28.3739,35.5015, 39.0487]], grad_fn=<AddmmBackward>),,
11,25,tensor([[31.6958,39.5171, 43.9670]], grad_fn=<AddmmBackward>),,
11,26,tensor([[32.7097,40.8321, 45.4846]], grad_fn=<AddmmBackward>),,
11,27,tensor([[32.2979,39.9751, 44.7518]], grad_fn=<AddmmBackward>),,
11,28,tensor([[35.6887,44.6608, 49.9493]], grad_fn=<AddmmBackward>),,
11,29,tensor([[35.3384,43.8525, 49.0237]], grad_fn=<AddmmBackward>),,
12,1,tensor([[3.2022,4.0165, 4.3918]], grad_fn=<AddmmBackward>),,
12,2,tensor([[1.9628,2.5325, 2.6838]], grad_fn=<AddmmBackward>),,
12,3,tensor([[3.6659,4.6038, 5.0394]], grad_fn=<AddmmBackward>),,
12,4,tensor([[3.6259,4.5414, 4.9746]], grad_fn=<AddmmBackward>),,
12,5,tensor([[33.3489,41.4882, 45.5699]], grad_fn=<AddmmBackward>),,
12,6,tensor([[36.0821,44.9423, 49.5219]], grad_fn=<AddmmBackward>),,
12,7,tensor([[33.5577,41.5734, 45.7353]], grad_fn=<AddmmBackward>),,
12,8,tensor([[35.7220,44.36, 48.5260]], grad_fn=<AddmmBackward>),,
12,9,tensor([[28.3770,35.4142, 39.0050]], grad_fn=<AddmmBackward>),,
12,10,tensor([[30.5707,38.1047, 41.8746]], grad_fn=<AddmmBackward>),,
12,11,tensor([[30.6632,38.2063, 42.4056]], grad_fn=<AddmmBackward>),,
12,12,tensor([[33.4505,41.382, 45.7827]], grad_fn=<AddmmBackward>),,
12,13,tensor([[26.1355,32.702, 36.1154]], grad_fn=<AddmmBackward>),,
12,14,tensor([[33.2325,41.162, 45.4020]], grad_fn=<AddmmBackward>),,
12,15,tensor([[30.5854,37.9561, 41.9202]], grad_fn=<AddmmBackward>),,
12,16,tensor([[31.0205,38.8638, 42.6131]], grad_fn=<AddmmBackward>),,
12,17,tensor([[28.6636,35.9378, 39.7915]], grad_fn=<AddmmBackward>),,
12,18,tensor([[32.0424,39.7853, 43.9307]], grad_fn=<AddmmBackward>),,
12,19,tensor([[27.2693,33.7218, 37.2465]], grad_fn=<AddmmBackward>),,
12,20,tensor([[33.1049,40.8871, 44.9124]], grad_fn=<AddmmBackward>),,
12,21,tensor([[31.0563,38.4129, 42.1827]], grad_fn=<AddmmBackward>),,
12,22,tensor([[31.5400,39.2272, 43.4054]], grad_fn=<AddmmBackward>),,
12,23,tensor([[31.8609,39.7246, 44.0795]], grad_fn=<AddmmBackward>),,
12,24,tensor([[30.8736,38.4398, 42.7159]], grad_fn=<AddmmBackward>),,
12,25,tensor([[34.8034,43.6256, 48.1254]], grad_fn=<AddmmBackward>),,
12,26,tensor([[33.2958,41.7439, 46.5609]], grad_fn=<AddmmBackward>),,
12,27,tensor([[30.5416,37.9946, 42.4691]], grad_fn=<AddmmBackward>),,
12,28,tensor([[34.4057,43.1966, 48.1615]], grad_fn=<AddmmBackward>),,
12,29,tensor([[36.5864,45.7101, 50.9965]], grad_fn=<AddmmBackward>),,
13,1,tensor([[3.8146,4.7628, 5.2120]], grad_fn=<AddmmBackward>),,
13,2,tensor([[3.6651,4.5748, 5.0062]], grad_fn=<AddmmBackward>),,
13,3,tensor([[2.9702,3.7305, 4.0135]], grad_fn=<AddmmBackward>),,
13,4,tensor([[2.5867,3.2754, 3.5064]], grad_fn=<AddmmBackward>),,
13,5,tensor([[33.9506,42.0216, 46.2190]], grad_fn=<AddmmBackward>),,
13,6,tensor([[34.7492,42.854, 47.3114]], grad_fn=<AddmmBackward>),,
13,7,tensor([[31.0519,38.303, 42.4104]], grad_fn=<AddmmBackward>),,
13,8,tensor([[35.0309,43.3719, 47.8733]], grad_fn=<AddmmBackward>),,
13,9,tensor([[28.4635,35.6087, 39.2605]], grad_fn=<AddmmBackward>),,
13,10,tensor([[29.8160,36.8252, 40.7921]], grad_fn=<AddmmBackward>),,
13,11,tensor([[33.0179,41.3614, 45.5868]], grad_fn=<AddmmBackward>),,
13,12,tensor([[32.8194,40.9377, 45.1112]], grad_fn=<AddmmBackward>),,
13,13,tensor([[35.3296,43.9492, 48.4473]], grad_fn=<AddmmBackward>),,
13,14,tensor([[28.7533,35.5103, 39.0618]], grad_fn=<AddmmBackward>),,
13,15,tensor([[31.4719,39.0721, 43.3372]], grad_fn=<AddmmBackward>),,
13,16,tensor([[34.3186,42.9379, 47.1434]], grad_fn=<AddmmBackward>),,
13,17,tensor([[34.0234,42.4991, 46.6414]], grad_fn=<AddmmBackward>),,
13,18,tensor([[30.6225,38.0378, 41.7277]], grad_fn=<AddmmBackward>),,
13,19,tensor([[30.3926,38.072, 41.9369]], grad_fn=<AddmmBackward>),,
13,20,tensor([[33.3573,41.3577, 45.5219]], grad_fn=<AddmmBackward>),,
13,21,tensor([[32.9725,41.0497, 45.4671]], grad_fn=<AddmmBackward>),,
13,22,tensor([[32.4028,40.3013, 44.8721]], grad_fn=<AddmmBackward>),,
13,23,tensor([[36.1532,45.1157, 50.1034]], grad_fn=<AddmmBackward>),,
13,24,tensor([[30.8221,38.8473, 43.0452]], grad_fn=<AddmmBackward>),,
13,25,tensor([[34.3800,42.7916, 47.3794]], grad_fn=<AddmmBackward>),,
13,26,tensor([[30.9062,38.5322, 42.9190]], grad_fn=<AddmmBackward>),,
13,27,tensor([[36.2504,45.2616, 50.7189]], grad_fn=<AddmmBackward>),,
13,28,tensor([[34.4333,43.3288, 48.3699]], grad_fn=<AddmmBackward>),,
13,29,tensor([[35.8520,45.0266, 49.8746]], grad_fn=<AddmmBackward>),,
14,1,tensor([[2.8890,3.629, 3.8985]], grad_fn=<AddmmBackward>),,
14,2,tensor([[2.4177,3.0943, 3.2785]], grad_fn=<AddmmBackward>),,
14,3,tensor([[4.0234,5.0333, 5.5397]], grad_fn=<AddmmBackward>),,
14,4,tensor([[3.0129,3.794, 4.1008]], grad_fn=<AddmmBackward>),,
14,5,tensor([[38.3308,47.7576, 52.4731]], grad_fn=<AddmmBackward>),,
14,6,tensor([[36.1509,45.0691, 49.7233]], grad_fn=<AddmmBackward>),,
14,7,tensor([[32.3915,40.4283, 44.5132]], grad_fn=<AddmmBackward>),,
14,8,tensor([[28.9016,35.9908, 39.7082]], grad_fn=<AddmmBackward>),,
14,9,tensor([[27.4351,33.8553, 37.3044]], grad_fn=<AddmmBackward>),,
14,10,tensor([[32.5578,40.4874, 44.6469]], grad_fn=<AddmmBackward>),,
14,11,tensor([[28.8188,35.7532, 39.3813]], grad_fn=<AddmmBackward>),,
14,12,tensor([[28.4860,35.5039, 39.2409]], grad_fn=<AddmmBackward>),,
14,13,tensor([[28.8509,35.5074, 39.1436]], grad_fn=<AddmmBackward>),,
14,14,tensor([[30.2300,37.5898, 41.5734]], grad_fn=<AddmmBackward>),,
14,15,tensor([[31.2774,38.6896, 42.6611]], grad_fn=<AddmmBackward>),,
14,16,tensor([[29.5148,36.5687, 40.0613]], grad_fn=<AddmmBackward>),,
14,17,tensor([[29.1274,36.1982, 39.7452]], grad_fn=<AddmmBackward>),,
14,18,tensor([[33.7139,41.7765, 45.9625]], grad_fn=<AddmmBackward>),,
14,19,tensor([[29.1880,36.199, 39.8268]], grad_fn=<AddmmBackward>),,
14,20,tensor([[30.6368,37.9535, 41.7575]], grad_fn=<AddmmBackward>),,
14,21,tensor([[31.5129,39.3226, 43.4713]], grad_fn=<AddmmBackward>),,
14,22,tensor([[25.7325,31.8337, 35.4035]], grad_fn=<AddmmBackward>),,
14,23,tensor([[31.0004,38.4179, 42.5925]], grad_fn=<AddmmBackward>),,
14,24,tensor([[31.5177,39.2421, 43.5200]], grad_fn=<AddmmBackward>),,
14,25,tensor([[32.4340,40.5505, 44.8918]], grad_fn=<AddmmBackward>),,
14,26,tensor([[27.6566,34.2377, 38.1662]], grad_fn=<AddmmBackward>),,
14,27,tensor([[32.9417,40.9575, 45.8475]], grad_fn=<AddmmBackward>),,
14,28,tensor([[37.0940,46.618, 52.0525]], grad_fn=<AddmmBackward>),,
14,29,tensor([[35.3352,43.7202, 49.0307]], grad_fn=<AddmmBackward>),,
15,1,tensor([[3.7814,4.7653, 5.1908]], grad_fn=<AddmmBackward>),,
15,2,tensor([[2.4943,3.1988, 3.3994]], grad_fn=<AddmmBackward>),,
15,3,tensor([[4.6129,5.741, 6.2827]], grad_fn=<AddmmBackward>),,
15,4,tensor([[4.0305,5.0634, 5.5119]], grad_fn=<AddmmBackward>),,
15,5,tensor([[36.3744,45.2077, 49.7463]], grad_fn=<AddmmBackward>),,
15,6,tensor([[30.2752,37.4913, 41.1456]], grad_fn=<AddmmBackward>),,
15,7,tensor([[36.1739,44.9499, 49.1671]], grad_fn=<AddmmBackward>),,
15,8,tensor([[33.3218,41.303, 45.3228]], grad_fn=<AddmmBackward>),,
15,9,tensor([[31.0973,38.5485, 42.2060]], grad_fn=<AddmmBackward>),,
15,10,tensor([[32.1844,39.825, 43.3116]], grad_fn=<AddmmBackward>),,
15,11,tensor([[29.8549,36.9577, 40.5559]], grad_fn=<AddmmBackward>),,
15,12,tensor([[33.5827,41.7852, 45.8100]], grad_fn=<AddmmBackward>),,
15,13,tensor([[31.6573,39.1468, 42.7308]], grad_fn=<AddmmBackward>),,
15,14,tensor([[31.4721,38.9714, 42.7024]], grad_fn=<AddmmBackward>),,
15,15,tensor([[31.3744,38.7806, 42.0354]], grad_fn=<AddmmBackward>),,
15,16,tensor([[30.9933,38.2685, 41.6235]], grad_fn=<AddmmBackward>),,
15,17,tensor([[33.7002,41.9862, 46.0302]], grad_fn=<AddmmBackward>),,
15,18,tensor([[30.9818,38.6483, 42.2158]], grad_fn=<AddmmBackward>),,
15,19,tensor([[33.3710,41.2384, 45.3066]], grad_fn=<AddmmBackward>),,
15,20,tensor([[32.3128,39.792, 43.5122]], grad_fn=<AddmmBackward>),,
15,21,tensor([[31.0714,38.3635, 42.0602]], grad_fn=<AddmmBackward>),,
15,22,tensor([[33.0101,40.9697, 44.8285]], grad_fn=<AddmmBackward>),,
15,23,tensor([[33.4636,41.5246, 45.4865]], grad_fn=<AddmmBackward>),,
15,24,tensor([[29.1013,36.3335, 39.7323]], grad_fn=<AddmmBackward>),,
15,25,tensor([[31.2355,38.7867, 42.5049]], grad_fn=<AddmmBackward>),,
15,26,tensor([[33.7555,41.8993, 46.0024]], grad_fn=<AddmmBackward>),,
15,27,tensor([[36.8669,45.7974, 50.7658]], grad_fn=<AddmmBackward>),,
15,28,tensor([[33.0768,41.2392, 45.6634]], grad_fn=<AddmmBackward>),,
15,29,tensor([[36.9226,45.9548, 50.8054]], grad_fn=<AddmmBackward>),,
16,1,tensor([[3.3646,4.2142, 4.5444]], grad_fn=<AddmmBackward>),,
16,2,tensor([[2.7496,3.5037, 3.7433]], grad_fn=<AddmmBackward>),,
16,3,tensor([[2.8969,3.6664, 3.9349]], grad_fn=<AddmmBackward>),,
16,4,tensor([[2.9669,3.7792, 4.0471]], grad_fn=<AddmmBackward>),,
16,5,tensor([[33.3721,41.1642, 45.0301]], grad_fn=<AddmmBackward>),,
16,6,tensor([[38.0773,47.1006, 51.4107]], grad_fn=<AddmmBackward>),,
16,7,tensor([[35.3185,43.8454, 47.7541]], grad_fn=<AddmmBackward>),,
16,8,tensor([[33.9295,41.8827, 45.3634]], grad_fn=<AddmmBackward>),,
16,9,tensor([[32.4586,40.1847, 43.5048]], grad_fn=<AddmmBackward>),,
16,10,tensor([[37.6822,46.6581, 50.5981]], grad_fn=<AddmmBackward>),,
16,11,tensor([[31.5810,39.1276, 42.2282]], grad_fn=<AddmmBackward>),,
16,12,tensor([[31.3572,38.9117, 42.2360]], grad_fn=<AddmmBackward>),,
16,13,tensor([[35.2493,43.6787, 47.3069]], grad_fn=<AddmmBackward>),,
16,14,tensor([[35.5514,43.9391, 47.5057]], grad_fn=<AddmmBackward>),,
16,15,tensor([[33.4187,41.6023, 45.2388]], grad_fn=<AddmmBackward>),,
16,16,tensor([[38.6428,47.9381, 52.0937]], grad_fn=<AddmmBackward>),,
16,17,tensor([[33.3435,41.1625, 44.5166]], grad_fn=<AddmmBackward>),,
16,18,tensor([[33.5668,41.9059, 45.3126]], grad_fn=<AddmmBackward>),,
16,19,tensor([[34.0883,42.3587, 46.2201]], grad_fn=<AddmmBackward>),,
16,20,tensor([[38.0655,47.2785, 51.7761]], grad_fn=<AddmmBackward>),,
16,21,tensor([[36.2995,44.9454, 49.0458]], grad_fn=<AddmmBackward>),,
16,22,tensor([[40.6002,50.344, 54.7086]], grad_fn=<AddmmBackward>),,
16,23,tensor([[34.6987,42.9565, 46.4994]], grad_fn=<AddmmBackward>),,
16,24,tensor([[30.0882,37.5055, 40.8052]], grad_fn=<AddmmBackward>),,
16,25,tensor([[38.6564,47.9123, 52.2257]], grad_fn=<AddmmBackward>),,
16,26,tensor([[39.2403,48.6428, 53.2116]], grad_fn=<AddmmBackward>),,
16,27,tensor([[37.6981,46.6521, 51.3445]], grad_fn=<AddmmBackward>),,
16,28,tensor([[40.0552,49.7715, 54.8330]], grad_fn=<AddmmBackward>),,
16,29,tensor([[35.4405,44.0633, 48.0924]], grad_fn=<AddmmBackward>),,
17,1,tensor([[3.8421,4.8063, 5.2024]], grad_fn=<AddmmBackward>),,
17,2,tensor([[3.1658,4.0063, 4.2995]], grad_fn=<AddmmBackward>),,
17,3,tensor([[2.9537,3.7604, 4.0362]], grad_fn=<AddmmBackward>),,
17,4,tensor([[3.2054,4.0623, 4.3680]], grad_fn=<AddmmBackward>),,
17,5,tensor([[38.6954,47.8602, 52.0170]], grad_fn=<AddmmBackward>),,
17,6,tensor([[33.9808,42.4268, 46.1507]], grad_fn=<AddmmBackward>),,
17,7,tensor([[33.5506,42.1759, 45.5534]], grad_fn=<AddmmBackward>),,
17,8,tensor([[27.4995,34.4358, 37.4667]], grad_fn=<AddmmBackward>),,
17,9,tensor([[27.1106,33.9922, 36.7496]], grad_fn=<AddmmBackward>),,
17,10,tensor([[28.9881,36.2037, 39.1011]], grad_fn=<AddmmBackward>),,
17,11,tensor([[32.3685,40.516, 44.0413]], grad_fn=<AddmmBackward>),,
17,12,tensor([[32.3759,40.5247, 44.0502]], grad_fn=<AddmmBackward>),,
17,13,tensor([[30.1560,38.0772, 41.4467]], grad_fn=<AddmmBackward>),,
17,14,tensor([[26.7261,33.4063, 36.3310]], grad_fn=<AddmmBackward>),,
17,15,tensor([[29.1815,36.3111, 38.9866]], grad_fn=<AddmmBackward>),,
17,16,tensor([[30.8668,38.7829, 41.8902]], grad_fn=<AddmmBackward>),,
17,17,tensor([[34.0000,42.45, 46.0997]], grad_fn=<AddmmBackward>),,
17,18,tensor([[34.2027,42.772, 46.5010]], grad_fn=<AddmmBackward>),,
17,19,tensor([[32.0844,40.4566, 43.7885]], grad_fn=<AddmmBackward>),,
17,20,tensor([[31.2116,39.222, 42.4731]], grad_fn=<AddmmBackward>),,
17,21,tensor([[27.5260,34.678, 37.6605]], grad_fn=<AddmmBackward>),,
17,22,tensor([[32.4198,40.612, 44.1809]], grad_fn=<AddmmBackward>),,
17,23,tensor([[33.1205,41.716, 45.8803]], grad_fn=<AddmmBackward>),,
17,24,tensor([[33.6501,42.3641, 46.2673]], grad_fn=<AddmmBackward>),,
17,25,tensor([[28.5311,35.743, 38.9892]], grad_fn=<AddmmBackward>),,
17,26,tensor([[35.4287,44.4465, 48.6935]], grad_fn=<AddmmBackward>),,
17,27,tensor([[34.7339,43.6873, 47.9147]], grad_fn=<AddmmBackward>),,
17,28,tensor([[30.1181,38.0009, 41.9456]], grad_fn=<AddmmBackward>),,
17,29,tensor([[33.7554,42.2055, 46.6887]], grad_fn=<AddmmBackward>),,
18,1,tensor([[3.7939,4.7567, 5.1656]], grad_fn=<AddmmBackward>),,
18,2,tensor([[2.6366,3.3844, 3.6100]], grad_fn=<AddmmBackward>),,
18,3,tensor([[3.4261,4.2984, 4.5926]], grad_fn=<AddmmBackward>),,
18,4,tensor([[2.9252,3.7194, 3.9580]], grad_fn=<AddmmBackward>),,
18,5,tensor([[34.6304,43.4014, 47.2651]], grad_fn=<AddmmBackward>),,
18,6,tensor([[34.6237,43.4627, 47.3174]], grad_fn=<AddmmBackward>),,
18,7,tensor([[36.3713,45.7483, 49.9794]], grad_fn=<AddmmBackward>),,
18,8,tensor([[30.7489,38.4176, 41.4808]], grad_fn=<AddmmBackward>),,
18,9,tensor([[31.8485,39.6879, 43.5036]], grad_fn=<AddmmBackward>),,
18,10,tensor([[34.5248,43.0339, 46.8959]], grad_fn=<AddmmBackward>),,
18,11,tensor([[33.8119,42.3237, 45.8879]], grad_fn=<AddmmBackward>),,
18,12,tensor([[36.8904,46.0812, 50.2025]], grad_fn=<AddmmBackward>),,
18,13,tensor([[31.9246,40.0013, 43.3639]], grad_fn=<AddmmBackward>),,
18,14,tensor([[36.8978,46.3204, 50.4880]], grad_fn=<AddmmBackward>),,
18,15,tensor([[36.6878,46.0367, 49.8395]], grad_fn=<AddmmBackward>),,
18,16,tensor([[35.3257,44.1364, 47.8734]], grad_fn=<AddmmBackward>),,
18,17,tensor([[35.1979,44.1001, 48.1200]], grad_fn=<AddmmBackward>),,
18,18,tensor([[36.1583,45.2927, 49.2554]], grad_fn=<AddmmBackward>),,
18,19,tensor([[36.5683,45.7857, 49.8353]], grad_fn=<AddmmBackward>),,
18,20,tensor([[39.6555,49.677, 54.0778]], grad_fn=<AddmmBackward>),,
18,21,tensor([[36.4243,45.43, 49.2149]], grad_fn=<AddmmBackward>),,
18,22,tensor([[33.4148,41.8445, 45.5777]], grad_fn=<AddmmBackward>),,
18,23,tensor([[35.0286,43.974, 48.2327]], grad_fn=<AddmmBackward>),,
18,24,tensor([[35.4737,44.3635, 48.4042]], grad_fn=<AddmmBackward>),,
18,25,tensor([[39.3767,49.4727, 54.0703]], grad_fn=<AddmmBackward>),,
18,26,tensor([[35.9585,45.241, 49.5429]], grad_fn=<AddmmBackward>),,
18,27,tensor([[36.6027,46.2998, 50.9557]], grad_fn=<AddmmBackward>),,
18,28,tensor([[37.6346,47.3414, 52.0498]], grad_fn=<AddmmBackward>),,
18,29,tensor([[42.1857,52.8463, 58.0953]], grad_fn=<AddmmBackward>),,
19,1,tensor([[4.0693,5.0667, 5.4959]], grad_fn=<AddmmBackward>),,
19,2,tensor([[3.5882,4.5031, 4.8374]], grad_fn=<AddmmBackward>),,
19,3,tensor([[3.2029,4.0463, 4.3346]], grad_fn=<AddmmBackward>),,
19,4,tensor([[3.6258,4.5759, 4.9313]], grad_fn=<AddmmBackward>),,
19,5,tensor([[40.1365,50.1877, 54.5902]], grad_fn=<AddmmBackward>),,
19,6,tensor([[40.1333,50.2052, 54.6951]], grad_fn=<AddmmBackward>),,
19,7,tensor([[35.1830,44.206, 47.8549]], grad_fn=<AddmmBackward>),,
19,8,tensor([[40.2560,50.3456, 54.5578]], grad_fn=<AddmmBackward>),,
19,9,tensor([[42.1934,52.7377, 57.3193]], grad_fn=<AddmmBackward>),,
19,10,tensor([[32.8993,41.3104, 44.8143]], grad_fn=<AddmmBackward>),,
19,11,tensor([[36.8966,46.2371, 50.1379]], grad_fn=<AddmmBackward>),,
19,12,tensor([[34.8665,43.3959, 47.1490]], grad_fn=<AddmmBackward>),,
19,13,tensor([[40.9352,51.2634, 55.7493]], grad_fn=<AddmmBackward>),,
19,14,tensor([[31.5487,39.6682, 42.9050]], grad_fn=<AddmmBackward>),,
19,15,tensor([[38.7639,48.619, 53.0806]], grad_fn=<AddmmBackward>),,
19,16,tensor([[40.9178,51.3839, 55.9118]], grad_fn=<AddmmBackward>),,
19,17,tensor([[35.3851,44.364, 48.0634]], grad_fn=<AddmmBackward>),,
19,18,tensor([[39.9669,50.4868, 55.2756]], grad_fn=<AddmmBackward>),,
19,19,tensor([[37.1945,46.5282, 50.4863]], grad_fn=<AddmmBackward>),,
19,20,tensor([[41.1815,51.5234, 56.1460]], grad_fn=<AddmmBackward>),,
19,21,tensor([[42.2088,52.6451, 57.4129]], grad_fn=<AddmmBackward>),,
19,22,tensor([[38.7832,48.7427, 53.2611]], grad_fn=<AddmmBackward>),,
19,23,tensor([[39.5679,49.5666, 54.1501]], grad_fn=<AddmmBackward>),,
19,24,tensor([[36.5640,45.8516, 50.5879]], grad_fn=<AddmmBackward>),,
19,25,tensor([[42.8515,53.7587, 58.7792]], grad_fn=<AddmmBackward>),,
19,26,tensor([[32.2198,40.5277, 44.5978]], grad_fn=<AddmmBackward>),,
19,27,tensor([[41.6500,52.2823, 57.6335]], grad_fn=<AddmmBackward>),,
19,28,tensor([[40.8412,51.528, 56.8671]], grad_fn=<AddmmBackward>),,
19,29,tensor([[43.6720,54.9555, 60.5412]], grad_fn=<AddmmBackward>),,
19,30,tensor([[44.3200,55.156, 60.1510]], grad_fn=<AddmmBackward>),,
19,31,tensor([[41.8133,52.5748, 57.1401]], grad_fn=<AddmmBackward>),,
19,32,tensor([[41.1008,51.3984, 55.6776]], grad_fn=<AddmmBackward>),,
19,33,tensor([[45.7197,57.2022, 62.1425]], grad_fn=<AddmmBackward>),,
