epoch, iteration,out0,1,tensor([[-0.0047, -0.0541, -0.0355]], grad_fn=<AddmmBackward>)
0,2,tensor([[ 0.0208, -0.1068, -0.0241]], grad_fn=<AddmmBackward>)
0,3,tensor([[ 0.0434, -0.0374, -0.0489]], grad_fn=<AddmmBackward>)
0,4,tensor([[-0.0178, -0.0639, -0.0523]], grad_fn=<AddmmBackward>)
0,5,tensor([[ 0.1384, -0.0457, -0.0715]], grad_fn=<AddmmBackward>)
0,6,tensor([[-0.0723,  0.0844, -0.0313]], grad_fn=<AddmmBackward>)
0,7,tensor([[ 0.0861, -0.0050,  0.0571]], grad_fn=<AddmmBackward>)
0,8,tensor([[-0.1363, -0.0097, -0.2247]], grad_fn=<AddmmBackward>)
0,9,tensor([[ 0.1554,  0.0882, -0.0271]], grad_fn=<AddmmBackward>)
0,10,tensor([[ 0.0470,  0.0296, -0.0374]], grad_fn=<AddmmBackward>)
0,11,tensor([[ 0.0390,  0.0572, -0.0540]], grad_fn=<AddmmBackward>)
0,12,tensor([[ 0.0556, -0.0590, -0.0257]], grad_fn=<AddmmBackward>)
0,13,tensor([[-0.0209, -0.0533, -0.0321]], grad_fn=<AddmmBackward>)
0,14,tensor([[ 0.0194, -0.0062, -0.0583]], grad_fn=<AddmmBackward>)
0,15,tensor([[-0.0084, -0.0005, -0.0410]], grad_fn=<AddmmBackward>)
0,16,tensor([[ 0.0247, -0.0539, -0.0528]], grad_fn=<AddmmBackward>)
0,17,tensor([[-0.0119, -0.0428, -0.0718]], grad_fn=<AddmmBackward>)
0,18,tensor([[ 0.0143,  0.0161, -0.0194]], grad_fn=<AddmmBackward>)
0,19,tensor([[ 0.0179, -0.0355, -0.0489]], grad_fn=<AddmmBackward>)
0,20,tensor([[ 0.0438, -0.0260, -0.0350]], grad_fn=<AddmmBackward>)
0,21,tensor([[ 0.0166, -0.0140, -0.0425]], grad_fn=<AddmmBackward>)
0,22,tensor([[ 0.0004, -0.0329, -0.0371]], grad_fn=<AddmmBackward>)
0,23,tensor([[ 0.0078, -0.0417, -0.0581]], grad_fn=<AddmmBackward>)
0,24,tensor([[ 0.0002, -0.0320, -0.0731]], grad_fn=<AddmmBackward>)
0,25,tensor([[ 0.0360, -0.0086, -0.0615]], grad_fn=<AddmmBackward>)
0,26,tensor([[-0.0049, -0.0264, -0.0421]], grad_fn=<AddmmBackward>)
0,27,tensor([[ 0.0263, -0.0450, -0.0409]], grad_fn=<AddmmBackward>)
0,28,tensor([[-0.0186, -0.0301, -0.0615]], grad_fn=<AddmmBackward>)
0,29,tensor([[ 0.0319, -0.0241, -0.0531]], grad_fn=<AddmmBackward>)
1,1,tensor([[-0.0067, -0.0460, -0.0417]], grad_fn=<AddmmBackward>)
1,2,tensor([[-0.0508, -0.0769, -0.0274]], grad_fn=<AddmmBackward>)
1,3,tensor([[ 0.0617, -0.0616, -0.0866]], grad_fn=<AddmmBackward>)
1,4,tensor([[-0.0766, -0.0136, -0.0603]], grad_fn=<AddmmBackward>)
1,5,tensor([[ 0.1407, -0.0043, -0.0587]], grad_fn=<AddmmBackward>)
1,6,tensor([[-0.0631,  0.0508,  0.0505]], grad_fn=<AddmmBackward>)
1,7,tensor([[-0.0128,  0.0391,  0.0425]], grad_fn=<AddmmBackward>)
1,8,tensor([[-0.1767, -0.0564, -0.1225]], grad_fn=<AddmmBackward>)
1,9,tensor([[ 0.1379,  0.1031, -0.0279]], grad_fn=<AddmmBackward>)
1,10,tensor([[ 0.1012, -0.0363, -0.1241]], grad_fn=<AddmmBackward>)
1,11,tensor([[ 0.0207,  0.0894, -0.1567]], grad_fn=<AddmmBackward>)
1,12,tensor([[ 0.0575, -0.0304, -0.0650]], grad_fn=<AddmmBackward>)
1,13,tensor([[-0.0138, -0.0378, -0.0217]], grad_fn=<AddmmBackward>)
1,14,tensor([[ 0.0107, -0.0349, -0.0585]], grad_fn=<AddmmBackward>)
1,15,tensor([[-0.0252,  0.0046, -0.0450]], grad_fn=<AddmmBackward>)
1,16,tensor([[ 0.0266, -0.0715, -0.0472]], grad_fn=<AddmmBackward>)
1,17,tensor([[-0.0497, -0.0494, -0.1066]], grad_fn=<AddmmBackward>)
1,18,tensor([[ 0.0748, -0.0047, -0.0339]], grad_fn=<AddmmBackward>)
1,19,tensor([[ 0.0125, -0.0175, -0.0403]], grad_fn=<AddmmBackward>)
1,20,tensor([[ 0.0208, -0.0417, -0.0317]], grad_fn=<AddmmBackward>)
1,21,tensor([[ 0.0076,  0.0136, -0.0479]], grad_fn=<AddmmBackward>)
1,22,tensor([[-0.0029, -0.0210, -0.0444]], grad_fn=<AddmmBackward>)
1,23,tensor([[ 0.0062, -0.0496, -0.0675]], grad_fn=<AddmmBackward>)
1,24,tensor([[-0.0191, -0.0248, -0.0808]], grad_fn=<AddmmBackward>)
1,25,tensor([[ 0.0366, -0.0109, -0.0744]], grad_fn=<AddmmBackward>)
1,26,tensor([[-0.0203,  0.0124, -0.0664]], grad_fn=<AddmmBackward>)
1,27,tensor([[ 0.0301, -0.0546, -0.0291]], grad_fn=<AddmmBackward>)
1,28,tensor([[-0.0236, -0.0332, -0.0400]], grad_fn=<AddmmBackward>)
1,29,tensor([[ 0.0434, -0.0058, -0.0526]], grad_fn=<AddmmBackward>)
2,1,tensor([[ 0.0005, -0.0534, -0.0496]], grad_fn=<AddmmBackward>)
2,2,tensor([[-0.0063, -0.0526, -0.0362]], grad_fn=<AddmmBackward>)
2,3,tensor([[ 0.0355, -0.0387, -0.0786]], grad_fn=<AddmmBackward>)
2,4,tensor([[-0.0041, -0.0297, -0.0212]], grad_fn=<AddmmBackward>)
2,5,tensor([[ 0.1095, -0.0184, -0.0529]], grad_fn=<AddmmBackward>)
2,6,tensor([[-0.0140,  0.0219,  0.0178]], grad_fn=<AddmmBackward>)
2,7,tensor([[ 0.1022,  0.0457, -0.0147]], grad_fn=<AddmmBackward>)
2,8,tensor([[-0.0869, -0.0288, -0.1420]], grad_fn=<AddmmBackward>)
2,9,tensor([[ 0.1044,  0.0723, -0.0410]], grad_fn=<AddmmBackward>)
2,10,tensor([[ 0.1193, -0.0225, -0.0593]], grad_fn=<AddmmBackward>)
2,11,tensor([[ 0.1071,  0.0300, -0.1124]], grad_fn=<AddmmBackward>)
2,12,tensor([[ 0.0600, -0.0217, -0.0519]], grad_fn=<AddmmBackward>)
2,13,tensor([[-0.0326, -0.0316, -0.0245]], grad_fn=<AddmmBackward>)
2,14,tensor([[ 0.0335, -0.0354, -0.0834]], grad_fn=<AddmmBackward>)
2,15,tensor([[-0.0075, -0.0110, -0.0208]], grad_fn=<AddmmBackward>)
2,16,tensor([[ 0.0016, -0.0536, -0.0203]], grad_fn=<AddmmBackward>)
2,17,tensor([[-0.0392, -0.0206, -0.0777]], grad_fn=<AddmmBackward>)
2,18,tensor([[ 0.0119,  0.0233, -0.0446]], grad_fn=<AddmmBackward>)
2,19,tensor([[ 0.0127, -0.0377, -0.0547]], grad_fn=<AddmmBackward>)
2,20,tensor([[ 0.0250, -0.0178, -0.0459]], grad_fn=<AddmmBackward>)
2,21,tensor([[ 0.0050,  0.0027, -0.0466]], grad_fn=<AddmmBackward>)
2,22,tensor([[ 0.0005, -0.0242, -0.0259]], grad_fn=<AddmmBackward>)
2,23,tensor([[ 0.0064, -0.0398, -0.0657]], grad_fn=<AddmmBackward>)
2,24,tensor([[-0.0241, -0.0397, -0.0421]], grad_fn=<AddmmBackward>)
2,25,tensor([[ 0.0341,  0.0003, -0.0692]], grad_fn=<AddmmBackward>)
2,26,tensor([[ 0.0273, -0.0159, -0.0218]], grad_fn=<AddmmBackward>)
2,27,tensor([[ 0.0280, -0.0481, -0.0372]], grad_fn=<AddmmBackward>)
2,28,tensor([[-0.0314, -0.0521, -0.0701]], grad_fn=<AddmmBackward>)
2,29,tensor([[ 0.0476, -0.0285, -0.0456]], grad_fn=<AddmmBackward>)
3,1,tensor([[-0.0077, -0.0513, -0.0438]], grad_fn=<AddmmBackward>)
3,2,tensor([[ 0.0127, -0.0659, -0.0179]], grad_fn=<AddmmBackward>)
3,3,tensor([[ 0.0651, -0.0201, -0.0846]], grad_fn=<AddmmBackward>)
3,4,tensor([[-0.0491, -0.0316,  0.0322]], grad_fn=<AddmmBackward>)
3,5,tensor([[ 0.1335,  0.0284, -0.1525]], grad_fn=<AddmmBackward>)
3,6,tensor([[-0.1115,  0.1118,  0.0162]], grad_fn=<AddmmBackward>)
3,7,tensor([[ 0.0791, -0.0729, -0.0231]], grad_fn=<AddmmBackward>)
3,8,tensor([[-0.1376,  0.0129, -0.1553]], grad_fn=<AddmmBackward>)
3,9,tensor([[ 0.1016,  0.0739, -0.0415]], grad_fn=<AddmmBackward>)
3,10,tensor([[ 0.1211,  0.0004, -0.1192]], grad_fn=<AddmmBackward>)
3,11,tensor([[ 0.0786, -0.0070, -0.0941]], grad_fn=<AddmmBackward>)
3,12,tensor([[ 0.0623, -0.0594, -0.0698]], grad_fn=<AddmmBackward>)
3,13,tensor([[-0.0150, -0.0265, -0.0073]], grad_fn=<AddmmBackward>)
3,14,tensor([[ 0.0123, -0.0366, -0.0344]], grad_fn=<AddmmBackward>)
3,15,tensor([[-0.0091,  0.0130, -0.0282]], grad_fn=<AddmmBackward>)
3,16,tensor([[ 0.0099, -0.0555, -0.0308]], grad_fn=<AddmmBackward>)
3,17,tensor([[-0.0617, -0.0522, -0.0676]], grad_fn=<AddmmBackward>)
3,18,tensor([[ 0.0679,  0.0131, -0.0496]], grad_fn=<AddmmBackward>)
3,19,tensor([[ 0.0354, -0.0532, -0.0285]], grad_fn=<AddmmBackward>)
3,20,tensor([[ 0.0217, -0.0181, -0.0324]], grad_fn=<AddmmBackward>)
3,21,tensor([[ 0.0126, -0.0242, -0.0389]], grad_fn=<AddmmBackward>)
3,22,tensor([[-0.0001, -0.0337, -0.0058]], grad_fn=<AddmmBackward>)
3,23,tensor([[ 0.0138, -0.0394, -0.0551]], grad_fn=<AddmmBackward>)
3,24,tensor([[-0.0138, -0.0380, -0.0273]], grad_fn=<AddmmBackward>)
3,25,tensor([[ 0.0470, -0.0192, -0.0490]], grad_fn=<AddmmBackward>)
3,26,tensor([[ 1.2140e-02, -2.9899e-05, -4.0401e-02]], grad_fn=<AddmmBackward>)
3,27,tensor([[ 0.0037, -0.0298, -0.0315]], grad_fn=<AddmmBackward>)
3,28,tensor([[-0.0364, -0.0545, -0.0470]], grad_fn=<AddmmBackward>)
3,29,tensor([[ 0.0375, -0.0196, -0.0259]], grad_fn=<AddmmBackward>)
4,1,tensor([[-0.0037, -0.0482, -0.0343]], grad_fn=<AddmmBackward>)
4,2,tensor([[-0.0800, -0.0561, -0.0462]], grad_fn=<AddmmBackward>)
4,3,tensor([[ 0.0349, -0.0355, -0.0466]], grad_fn=<AddmmBackward>)
4,4,tensor([[ 0.0043, -0.0706,  0.0455]], grad_fn=<AddmmBackward>)
4,5,tensor([[ 0.1221, -0.0099, -0.0413]], grad_fn=<AddmmBackward>)
4,6,tensor([[-0.0575,  0.1109,  0.0385]], grad_fn=<AddmmBackward>)
4,7,tensor([[ 0.1019,  0.0067, -0.0351]], grad_fn=<AddmmBackward>)
4,8,tensor([[-0.1613, -0.0643, -0.1862]], grad_fn=<AddmmBackward>)
4,9,tensor([[ 0.1164,  0.0437, -0.0114]], grad_fn=<AddmmBackward>)
4,10,tensor([[ 0.1114,  0.0021, -0.0568]], grad_fn=<AddmmBackward>)
4,11,tensor([[ 0.1114, -0.0113, -0.0792]], grad_fn=<AddmmBackward>)
4,12,tensor([[ 0.0385, -0.0460, -0.0501]], grad_fn=<AddmmBackward>)
4,13,tensor([[-0.0114, -0.0342,  0.0084]], grad_fn=<AddmmBackward>)
4,14,tensor([[ 0.0364, -0.0725, -0.0533]], grad_fn=<AddmmBackward>)
4,15,tensor([[-0.0535,  0.0154, -0.0738]], grad_fn=<AddmmBackward>)
4,16,tensor([[ 0.0269, -0.0443, -0.0395]], grad_fn=<AddmmBackward>)
4,17,tensor([[-0.0445, -0.0025, -0.0778]], grad_fn=<AddmmBackward>)
4,18,tensor([[ 0.0167,  0.0191, -0.0323]], grad_fn=<AddmmBackward>)
4,19,tensor([[ 0.0081, -0.0214, -0.0273]], grad_fn=<AddmmBackward>)
4,20,tensor([[ 0.0126, -0.0206, -0.0222]], grad_fn=<AddmmBackward>)
4,21,tensor([[ 0.0116,  0.0005, -0.0411]], grad_fn=<AddmmBackward>)
4,22,tensor([[ 0.0146, -0.0376, -0.0204]], grad_fn=<AddmmBackward>)
4,23,tensor([[ 0.0074, -0.0427, -0.0703]], grad_fn=<AddmmBackward>)
4,24,tensor([[-0.0155, -0.0364, -0.0602]], grad_fn=<AddmmBackward>)
4,25,tensor([[ 0.0273, -0.0062, -0.0664]], grad_fn=<AddmmBackward>)
4,26,tensor([[ 0.0162, -0.0068, -0.0120]], grad_fn=<AddmmBackward>)
4,27,tensor([[ 0.0182, -0.0382, -0.0072]], grad_fn=<AddmmBackward>)
4,28,tensor([[ 0.0033, -0.0252, -0.0594]], grad_fn=<AddmmBackward>)
4,29,tensor([[ 0.0258, -0.0304, -0.0452]], grad_fn=<AddmmBackward>)
5,1,tensor([[-0.0098, -0.0575, -0.0533]], grad_fn=<AddmmBackward>)
5,2,tensor([[-0.0405, -0.0829, -0.0207]], grad_fn=<AddmmBackward>)
5,3,tensor([[ 0.0842, -0.0627, -0.0773]], grad_fn=<AddmmBackward>)
5,4,tensor([[-0.0992, -0.0396, -0.0223]], grad_fn=<AddmmBackward>)
5,5,tensor([[ 0.1031, -0.0022, -0.0771]], grad_fn=<AddmmBackward>)
5,6,tensor([[-0.0750,  0.1015,  0.0054]], grad_fn=<AddmmBackward>)
5,7,tensor([[ 0.0731, -0.0059, -0.0057]], grad_fn=<AddmmBackward>)
5,8,tensor([[-0.1043,  0.0075, -0.1561]], grad_fn=<AddmmBackward>)
5,9,tensor([[ 1.1312e-01,  5.5620e-05, -4.9362e-02]], grad_fn=<AddmmBackward>)
5,10,tensor([[ 0.1028, -0.0108, -0.0808]], grad_fn=<AddmmBackward>)
5,11,tensor([[ 0.0115,  0.0663, -0.1111]], grad_fn=<AddmmBackward>)
5,12,tensor([[ 0.0781, -0.0856, -0.0355]], grad_fn=<AddmmBackward>)
5,13,tensor([[-0.0152, -0.0245, -0.0234]], grad_fn=<AddmmBackward>)
5,14,tensor([[ 0.0341, -0.0193, -0.0783]], grad_fn=<AddmmBackward>)
5,15,tensor([[ 0.0119,  0.0133, -0.0265]], grad_fn=<AddmmBackward>)
5,16,tensor([[ 0.0207, -0.0730, -0.0358]], grad_fn=<AddmmBackward>)
5,17,tensor([[-0.0153, -0.0359, -0.0961]], grad_fn=<AddmmBackward>)
5,18,tensor([[ 0.0311,  0.0188, -0.0253]], grad_fn=<AddmmBackward>)
5,19,tensor([[ 0.0181, -0.0349, -0.0427]], grad_fn=<AddmmBackward>)
5,20,tensor([[ 0.0241, -0.0290, -0.0788]], grad_fn=<AddmmBackward>)
5,21,tensor([[ 0.0173, -0.0142, -0.0464]], grad_fn=<AddmmBackward>)
5,22,tensor([[ 0.0054, -0.0102, -0.0375]], grad_fn=<AddmmBackward>)
5,23,tensor([[-0.0006, -0.0324, -0.0715]], grad_fn=<AddmmBackward>)
5,24,tensor([[-0.0047, -0.0331, -0.0690]], grad_fn=<AddmmBackward>)
5,25,tensor([[ 0.0523, -0.0280, -0.0736]], grad_fn=<AddmmBackward>)
5,26,tensor([[ 0.0192,  0.0027, -0.0288]], grad_fn=<AddmmBackward>)
5,27,tensor([[ 0.0360, -0.0383, -0.0440]], grad_fn=<AddmmBackward>)
5,28,tensor([[-0.0223, -0.0496, -0.0730]], grad_fn=<AddmmBackward>)
5,29,tensor([[ 0.0563, -0.0146, -0.0365]], grad_fn=<AddmmBackward>)
6,1,tensor([[-0.0080, -0.0447, -0.0384]], grad_fn=<AddmmBackward>)
6,2,tensor([[ 0.0038, -0.0891, -0.0624]], grad_fn=<AddmmBackward>)
6,3,tensor([[ 0.0573, -0.0278, -0.0279]], grad_fn=<AddmmBackward>)
6,4,tensor([[-0.0898, -0.0056, -0.0557]], grad_fn=<AddmmBackward>)
6,5,tensor([[ 0.0605,  0.0996, -0.0507]], grad_fn=<AddmmBackward>)
6,6,tensor([[-0.0489,  0.0895,  0.0305]], grad_fn=<AddmmBackward>)
6,7,tensor([[ 0.0974, -0.0282,  0.0043]], grad_fn=<AddmmBackward>)
6,8,tensor([[-0.1344,  0.0147, -0.1951]], grad_fn=<AddmmBackward>)
6,9,tensor([[ 0.1339,  0.1072, -0.0462]], grad_fn=<AddmmBackward>)
6,10,tensor([[ 0.1055, -0.0144, -0.0682]], grad_fn=<AddmmBackward>)
6,11,tensor([[ 0.0943,  0.0338, -0.1336]], grad_fn=<AddmmBackward>)
6,12,tensor([[ 0.0537, -0.0097, -0.0561]], grad_fn=<AddmmBackward>)
6,13,tensor([[-0.0222, -0.0284, -0.0110]], grad_fn=<AddmmBackward>)
6,14,tensor([[ 0.0525, -0.0239, -0.0599]], grad_fn=<AddmmBackward>)
6,15,tensor([[-0.0220,  0.0211, -0.0536]], grad_fn=<AddmmBackward>)
6,16,tensor([[ 0.0053, -0.0326, -0.0346]], grad_fn=<AddmmBackward>)
6,17,tensor([[-0.0533,  0.0046, -0.1184]], grad_fn=<AddmmBackward>)
6,18,tensor([[ 0.0591,  0.0097, -0.0276]], grad_fn=<AddmmBackward>)
6,19,tensor([[ 0.0059, -0.0405, -0.0520]], grad_fn=<AddmmBackward>)
6,20,tensor([[ 0.0090, -0.0339, -0.0510]], grad_fn=<AddmmBackward>)
6,21,tensor([[ 0.0090, -0.0188, -0.0462]], grad_fn=<AddmmBackward>)
6,22,tensor([[ 0.0012, -0.0265, -0.0235]], grad_fn=<AddmmBackward>)
6,23,tensor([[-0.0064, -0.0278, -0.0594]], grad_fn=<AddmmBackward>)
6,24,tensor([[-0.0283, -0.0160, -0.0472]], grad_fn=<AddmmBackward>)
6,25,tensor([[ 0.0538, -0.0188, -0.0694]], grad_fn=<AddmmBackward>)
6,26,tensor([[ 0.0176, -0.0065, -0.0431]], grad_fn=<AddmmBackward>)
6,27,tensor([[ 0.0425, -0.0540, -0.0571]], grad_fn=<AddmmBackward>)
6,28,tensor([[-0.0413, -0.0512, -0.0429]], grad_fn=<AddmmBackward>)
6,29,tensor([[ 0.0349, -0.0223, -0.0577]], grad_fn=<AddmmBackward>)
7,1,tensor([[-0.0008, -0.0575, -0.0477]], grad_fn=<AddmmBackward>)
7,2,tensor([[ 0.0440, -0.0813, -0.0603]], grad_fn=<AddmmBackward>)
7,3,tensor([[ 0.0088, -0.0438, -0.0657]], grad_fn=<AddmmBackward>)
7,4,tensor([[-0.0793, -0.0014, -0.0136]], grad_fn=<AddmmBackward>)
7,5,tensor([[ 0.1038, -0.0239, -0.0364]], grad_fn=<AddmmBackward>)
7,6,tensor([[-0.0504,  0.0936,  0.0229]], grad_fn=<AddmmBackward>)
7,7,tensor([[ 0.0773,  0.0215, -0.0164]], grad_fn=<AddmmBackward>)
7,8,tensor([[-0.1962, -0.0394, -0.1301]], grad_fn=<AddmmBackward>)
7,9,tensor([[ 0.1176,  0.0018, -0.0686]], grad_fn=<AddmmBackward>)
7,10,tensor([[ 0.0992,  0.0215, -0.0582]], grad_fn=<AddmmBackward>)
7,11,tensor([[-0.0066,  0.0322, -0.1326]], grad_fn=<AddmmBackward>)
7,12,tensor([[ 0.0190, -0.0369, -0.0408]], grad_fn=<AddmmBackward>)
7,13,tensor([[-0.0317, -0.0263, -0.0011]], grad_fn=<AddmmBackward>)
7,14,tensor([[ 0.0227, -0.0586, -0.0745]], grad_fn=<AddmmBackward>)
7,15,tensor([[-0.0317,  0.0072, -0.0353]], grad_fn=<AddmmBackward>)
7,16,tensor([[-0.0051, -0.0602, -0.0193]], grad_fn=<AddmmBackward>)
7,17,tensor([[-0.0321, -0.0343, -0.0665]], grad_fn=<AddmmBackward>)
7,18,tensor([[ 0.0363,  0.0160, -0.0489]], grad_fn=<AddmmBackward>)
7,19,tensor([[-0.0158, -0.0257, -0.0663]], grad_fn=<AddmmBackward>)
7,20,tensor([[-0.0008, -0.0413, -0.0434]], grad_fn=<AddmmBackward>)
7,21,tensor([[ 0.0009, -0.0043, -0.0432]], grad_fn=<AddmmBackward>)
7,22,tensor([[-0.0161, -0.0175, -0.0208]], grad_fn=<AddmmBackward>)
7,23,tensor([[ 0.0009, -0.0374, -0.0572]], grad_fn=<AddmmBackward>)
7,24,tensor([[-0.0184, -0.0132, -0.0515]], grad_fn=<AddmmBackward>)
7,25,tensor([[ 0.0309, -0.0270, -0.0511]], grad_fn=<AddmmBackward>)
7,26,tensor([[ 0.0155, -0.0327, -0.0301]], grad_fn=<AddmmBackward>)
7,27,tensor([[ 0.0387, -0.0466, -0.0434]], grad_fn=<AddmmBackward>)
7,28,tensor([[-0.0430, -0.0335, -0.0565]], grad_fn=<AddmmBackward>)
7,29,tensor([[ 0.0582, -0.0242, -0.0464]], grad_fn=<AddmmBackward>)
8,1,tensor([[-0.0015, -0.0448, -0.0498]], grad_fn=<AddmmBackward>)
8,2,tensor([[ 0.0295, -0.0983, -0.0380]], grad_fn=<AddmmBackward>)
8,3,tensor([[ 0.0980, -0.0398, -0.1165]], grad_fn=<AddmmBackward>)
8,4,tensor([[-0.0919, -0.0223, -0.0409]], grad_fn=<AddmmBackward>)
8,5,tensor([[ 0.0363, -0.0164, -0.0511]], grad_fn=<AddmmBackward>)
8,6,tensor([[-0.0134,  0.0258, -0.0113]], grad_fn=<AddmmBackward>)
8,7,tensor([[ 0.0991, -0.0138, -0.0126]], grad_fn=<AddmmBackward>)
8,8,tensor([[-0.1241,  0.0587, -0.1414]], grad_fn=<AddmmBackward>)
8,9,tensor([[ 0.1269,  0.0679, -0.0078]], grad_fn=<AddmmBackward>)
8,10,tensor([[ 0.0975,  0.0589, -0.0674]], grad_fn=<AddmmBackward>)
8,11,tensor([[ 0.0689,  0.0243, -0.1180]], grad_fn=<AddmmBackward>)
8,12,tensor([[ 0.0732, -0.0366, -0.0760]], grad_fn=<AddmmBackward>)
8,13,tensor([[-0.0254, -0.0459, -0.0394]], grad_fn=<AddmmBackward>)
8,14,tensor([[ 0.0231, -0.0186, -0.0543]], grad_fn=<AddmmBackward>)
8,15,tensor([[-0.0077,  0.0163, -0.0076]], grad_fn=<AddmmBackward>)
8,16,tensor([[ 0.0007, -0.0624, -0.0443]], grad_fn=<AddmmBackward>)
8,17,tensor([[-0.0524, -0.0554, -0.1055]], grad_fn=<AddmmBackward>)
8,18,tensor([[ 0.0305,  0.0082, -0.0289]], grad_fn=<AddmmBackward>)
8,19,tensor([[ 0.0450, -0.0376, -0.0186]], grad_fn=<AddmmBackward>)
8,20,tensor([[-0.0132, -0.0354, -0.0519]], grad_fn=<AddmmBackward>)
8,21,tensor([[ 0.0052, -0.0074, -0.0376]], grad_fn=<AddmmBackward>)
8,22,tensor([[ 0.0059, -0.0185, -0.0057]], grad_fn=<AddmmBackward>)
8,23,tensor([[-0.0006, -0.0328, -0.0601]], grad_fn=<AddmmBackward>)
8,24,tensor([[-0.0170, -0.0317, -0.0582]], grad_fn=<AddmmBackward>)
8,25,tensor([[ 0.0274, -0.0115, -0.0503]], grad_fn=<AddmmBackward>)
8,26,tensor([[ 0.0146,  0.0044, -0.0246]], grad_fn=<AddmmBackward>)
8,27,tensor([[ 0.0368, -0.0405, -0.0349]], grad_fn=<AddmmBackward>)
8,28,tensor([[-0.0409, -0.0313, -0.0500]], grad_fn=<AddmmBackward>)
8,29,tensor([[ 0.0481, -0.0283, -0.0518]], grad_fn=<AddmmBackward>)
9,1,tensor([[-0.0045, -0.0427, -0.0400]], grad_fn=<AddmmBackward>)
9,2,tensor([[ 0.0136, -0.0642, -0.0563]], grad_fn=<AddmmBackward>)
9,3,tensor([[ 0.0502, -0.0215, -0.0193]], grad_fn=<AddmmBackward>)
9,4,tensor([[-0.0297, -0.0585,  0.0166]], grad_fn=<AddmmBackward>)
9,5,tensor([[ 0.1270, -0.0382, -0.0740]], grad_fn=<AddmmBackward>)
9,6,tensor([[-0.0328,  0.0703,  0.0708]], grad_fn=<AddmmBackward>)
9,7,tensor([[ 0.0349,  0.0290, -0.0766]], grad_fn=<AddmmBackward>)
9,8,tensor([[-0.1364, -0.0088, -0.1424]], grad_fn=<AddmmBackward>)
9,9,tensor([[ 0.1205,  0.0973, -0.0767]], grad_fn=<AddmmBackward>)
9,10,tensor([[ 0.0746,  0.0072, -0.1353]], grad_fn=<AddmmBackward>)
9,11,tensor([[ 0.0441,  0.0154, -0.1755]], grad_fn=<AddmmBackward>)
9,12,tensor([[ 0.0548, -0.0118, -0.0412]], grad_fn=<AddmmBackward>)
9,13,tensor([[-0.0320, -0.0142, -0.0443]], grad_fn=<AddmmBackward>)
9,14,tensor([[ 0.0207, -0.0440, -0.0641]], grad_fn=<AddmmBackward>)
9,15,tensor([[-0.0074,  0.0276, -0.0602]], grad_fn=<AddmmBackward>)
9,16,tensor([[ 0.0245, -0.0712, -0.0240]], grad_fn=<AddmmBackward>)
9,17,tensor([[-0.0167, -0.0014, -0.0917]], grad_fn=<AddmmBackward>)
9,18,tensor([[ 0.0186,  0.0146, -0.0446]], grad_fn=<AddmmBackward>)
9,19,tensor([[ 0.0114, -0.0533, -0.0341]], grad_fn=<AddmmBackward>)
9,20,tensor([[ 0.0155, -0.0540, -0.0222]], grad_fn=<AddmmBackward>)
9,21,tensor([[ 0.0163, -0.0216, -0.0532]], grad_fn=<AddmmBackward>)
9,22,tensor([[ 0.0071, -0.0325, -0.0351]], grad_fn=<AddmmBackward>)
9,23,tensor([[-0.0074, -0.0427, -0.0475]], grad_fn=<AddmmBackward>)
9,24,tensor([[-0.0149, -0.0473, -0.0454]], grad_fn=<AddmmBackward>)
9,25,tensor([[ 0.0478, -0.0227, -0.0668]], grad_fn=<AddmmBackward>)
9,26,tensor([[ 0.0090, -0.0134, -0.0215]], grad_fn=<AddmmBackward>)
9,27,tensor([[ 0.0315, -0.0444, -0.0299]], grad_fn=<AddmmBackward>)
9,28,tensor([[-0.0328, -0.0432, -0.0467]], grad_fn=<AddmmBackward>)
9,29,tensor([[ 0.0372, -0.0248, -0.0570]], grad_fn=<AddmmBackward>)
10,1,tensor([[-0.0017, -0.0500, -0.0469]], grad_fn=<AddmmBackward>)
10,2,tensor([[-0.0573, -0.1260, -0.0128]], grad_fn=<AddmmBackward>)
10,3,tensor([[ 0.0547, -0.0294, -0.0993]], grad_fn=<AddmmBackward>)
10,4,tensor([[-0.0258, -0.0251, -0.0083]], grad_fn=<AddmmBackward>)
10,5,tensor([[ 0.1055, -0.0173, -0.0014]], grad_fn=<AddmmBackward>)
10,6,tensor([[-0.0467,  0.0772,  0.0124]], grad_fn=<AddmmBackward>)
10,7,tensor([[ 0.0716, -0.0453, -0.0347]], grad_fn=<AddmmBackward>)
10,8,tensor([[-0.0627, -0.0440, -0.2047]], grad_fn=<AddmmBackward>)
10,9,tensor([[ 0.1248,  0.0836, -0.0381]], grad_fn=<AddmmBackward>)
10,10,tensor([[ 0.0991, -0.0191, -0.0662]], grad_fn=<AddmmBackward>)
10,11,tensor([[ 0.0323,  0.0478, -0.1543]], grad_fn=<AddmmBackward>)
10,12,tensor([[ 0.0333, -0.0351, -0.0278]], grad_fn=<AddmmBackward>)
10,13,tensor([[-0.0106, -0.0448, -0.0182]], grad_fn=<AddmmBackward>)
10,14,tensor([[ 0.0209, -0.0274, -0.0665]], grad_fn=<AddmmBackward>)
10,15,tensor([[-0.0295, -0.0018, -0.0109]], grad_fn=<AddmmBackward>)
10,16,tensor([[ 0.0347, -0.0440, -0.0349]], grad_fn=<AddmmBackward>)
10,17,tensor([[-0.0292, -0.0475, -0.0702]], grad_fn=<AddmmBackward>)
10,18,tensor([[ 0.0321, -0.0031, -0.0466]], grad_fn=<AddmmBackward>)
10,19,tensor([[ 0.0399, -0.0473, -0.0039]], grad_fn=<AddmmBackward>)
10,20,tensor([[ 0.0372, -0.0398, -0.0492]], grad_fn=<AddmmBackward>)
10,21,tensor([[-0.0039, -0.0255, -0.0461]], grad_fn=<AddmmBackward>)
10,22,tensor([[ 0.0213, -0.0229, -0.0232]], grad_fn=<AddmmBackward>)
10,23,tensor([[ 0.0027, -0.0525, -0.0727]], grad_fn=<AddmmBackward>)
10,24,tensor([[-0.0076, -0.0424, -0.0464]], grad_fn=<AddmmBackward>)
10,25,tensor([[ 0.0492, -0.0141, -0.0437]], grad_fn=<AddmmBackward>)
10,26,tensor([[ 0.0110,  0.0046, -0.0368]], grad_fn=<AddmmBackward>)
10,27,tensor([[ 0.0383, -0.0602, -0.0314]], grad_fn=<AddmmBackward>)
10,28,tensor([[-0.0389, -0.0430, -0.0600]], grad_fn=<AddmmBackward>)
10,29,tensor([[ 0.0372, -0.0322, -0.0423]], grad_fn=<AddmmBackward>)
11,1,tensor([[-0.0018, -0.0577, -0.0481]], grad_fn=<AddmmBackward>)
11,2,tensor([[ 0.0266, -0.0081, -0.0368]], grad_fn=<AddmmBackward>)
11,3,tensor([[ 0.0485, -0.0015, -0.0754]], grad_fn=<AddmmBackward>)
11,4,tensor([[ 0.0109, -0.0500, -0.0007]], grad_fn=<AddmmBackward>)
11,5,tensor([[ 0.0637, -0.0013, -0.1103]], grad_fn=<AddmmBackward>)
11,6,tensor([[-0.1162,  0.0715,  0.0162]], grad_fn=<AddmmBackward>)
11,7,tensor([[ 0.0286, -0.0533,  0.0141]], grad_fn=<AddmmBackward>)
11,8,tensor([[-0.1301,  0.0025, -0.1842]], grad_fn=<AddmmBackward>)
11,9,tensor([[ 0.0860,  0.0901, -0.0040]], grad_fn=<AddmmBackward>)
11,10,tensor([[ 0.0946,  0.0036, -0.0608]], grad_fn=<AddmmBackward>)
11,11,tensor([[ 0.0234,  0.0773, -0.0604]], grad_fn=<AddmmBackward>)
11,12,tensor([[ 0.0375, -0.0518, -0.0629]], grad_fn=<AddmmBackward>)
11,13,tensor([[-0.0099, -0.0281, -0.0432]], grad_fn=<AddmmBackward>)
11,14,tensor([[ 0.0450, -0.0461, -0.0714]], grad_fn=<AddmmBackward>)
11,15,tensor([[-0.0022, -0.0013, -0.0223]], grad_fn=<AddmmBackward>)
11,16,tensor([[ 0.0216, -0.0537, -0.0478]], grad_fn=<AddmmBackward>)
11,17,tensor([[-0.0279, -0.0341, -0.0949]], grad_fn=<AddmmBackward>)
11,18,tensor([[ 0.0574,  0.0133, -0.0172]], grad_fn=<AddmmBackward>)
11,19,tensor([[-0.0204, -0.0385, -0.0349]], grad_fn=<AddmmBackward>)
11,20,tensor([[ 0.0242, -0.0218, -0.0679]], grad_fn=<AddmmBackward>)
11,21,tensor([[-0.0027, -0.0064, -0.0614]], grad_fn=<AddmmBackward>)
11,22,tensor([[-0.0285, -0.0129, -0.0303]], grad_fn=<AddmmBackward>)
11,23,tensor([[-0.0085, -0.0322, -0.0719]], grad_fn=<AddmmBackward>)
11,24,tensor([[-0.0257, -0.0354, -0.0303]], grad_fn=<AddmmBackward>)
11,25,tensor([[ 0.0569, -0.0174, -0.0719]], grad_fn=<AddmmBackward>)
11,26,tensor([[ 0.0067,  0.0149, -0.0390]], grad_fn=<AddmmBackward>)
11,27,tensor([[ 0.0149, -0.0383, -0.0133]], grad_fn=<AddmmBackward>)
11,28,tensor([[-0.0245, -0.0556, -0.0349]], grad_fn=<AddmmBackward>)
11,29,tensor([[ 0.0386, -0.0175, -0.0402]], grad_fn=<AddmmBackward>)
12,1,tensor([[-0.0148, -0.0547, -0.0475]], grad_fn=<AddmmBackward>)
12,2,tensor([[ 0.0162, -0.0805, -0.0349]], grad_fn=<AddmmBackward>)
12,3,tensor([[ 0.0419, -0.0792, -0.0443]], grad_fn=<AddmmBackward>)
12,4,tensor([[-0.0763, -0.0327, -0.0810]], grad_fn=<AddmmBackward>)
12,5,tensor([[ 0.1215, -0.0170, -0.0859]], grad_fn=<AddmmBackward>)
12,6,tensor([[-0.0239,  0.0871,  0.0264]], grad_fn=<AddmmBackward>)
12,7,tensor([[ 0.0407, -0.0040,  0.0128]], grad_fn=<AddmmBackward>)
12,8,tensor([[-0.1090, -0.0105, -0.1551]], grad_fn=<AddmmBackward>)
12,9,tensor([[ 0.0736,  0.0373, -0.0981]], grad_fn=<AddmmBackward>)
12,10,tensor([[ 0.0621,  0.0431, -0.0722]], grad_fn=<AddmmBackward>)
12,11,tensor([[ 0.0625,  0.0105, -0.1846]], grad_fn=<AddmmBackward>)
12,12,tensor([[ 0.0566, -0.0308, -0.0650]], grad_fn=<AddmmBackward>)
12,13,tensor([[-0.0186, -0.0495, -0.0298]], grad_fn=<AddmmBackward>)
12,14,tensor([[ 0.0212, -0.0331, -0.0615]], grad_fn=<AddmmBackward>)
12,15,tensor([[-0.0185,  0.0180, -0.0342]], grad_fn=<AddmmBackward>)
12,16,tensor([[ 0.0179, -0.0455, -0.0438]], grad_fn=<AddmmBackward>)
12,17,tensor([[-0.0417, -0.0528, -0.0672]], grad_fn=<AddmmBackward>)
12,18,tensor([[ 0.0405, -0.0117, -0.0294]], grad_fn=<AddmmBackward>)
12,19,tensor([[ 0.0042, -0.0228, -0.0543]], grad_fn=<AddmmBackward>)
12,20,tensor([[ 0.0060, -0.0420, -0.0520]], grad_fn=<AddmmBackward>)
12,21,tensor([[ 0.0064, -0.0104, -0.0548]], grad_fn=<AddmmBackward>)
12,22,tensor([[-0.0030, -0.0282, -0.0228]], grad_fn=<AddmmBackward>)
12,23,tensor([[-0.0085, -0.0284, -0.0682]], grad_fn=<AddmmBackward>)
12,24,tensor([[-0.0381, -0.0202, -0.0471]], grad_fn=<AddmmBackward>)
12,25,tensor([[ 0.0469, -0.0114, -0.0682]], grad_fn=<AddmmBackward>)
12,26,tensor([[ 0.0120, -0.0121, -0.0492]], grad_fn=<AddmmBackward>)
12,27,tensor([[ 0.0326, -0.0318, -0.0260]], grad_fn=<AddmmBackward>)
12,28,tensor([[-0.0130, -0.0462, -0.0704]], grad_fn=<AddmmBackward>)
12,29,tensor([[ 0.0388, -0.0225, -0.0494]], grad_fn=<AddmmBackward>)
13,1,tensor([[-0.0121, -0.0453, -0.0300]], grad_fn=<AddmmBackward>)
13,2,tensor([[-0.0215, -0.0999, -0.0321]], grad_fn=<AddmmBackward>)
13,3,tensor([[ 0.0257,  0.0073, -0.0289]], grad_fn=<AddmmBackward>)
13,4,tensor([[-0.0604, -0.0303, -0.0085]], grad_fn=<AddmmBackward>)
13,5,tensor([[ 0.0740,  0.0094, -0.0965]], grad_fn=<AddmmBackward>)
13,6,tensor([[-0.0743,  0.1050,  0.0103]], grad_fn=<AddmmBackward>)
13,7,tensor([[ 0.0670,  0.0433, -0.0119]], grad_fn=<AddmmBackward>)
13,8,tensor([[-0.1312,  0.0653, -0.2016]], grad_fn=<AddmmBackward>)
13,9,tensor([[ 0.1206,  0.0941, -0.0614]], grad_fn=<AddmmBackward>)
13,10,tensor([[ 0.1366,  0.0112, -0.0801]], grad_fn=<AddmmBackward>)
13,11,tensor([[ 0.0216,  0.0776, -0.1153]], grad_fn=<AddmmBackward>)
13,12,tensor([[ 0.0532, -0.0374, -0.0423]], grad_fn=<AddmmBackward>)
13,13,tensor([[-0.0260, -0.0247, -0.0474]], grad_fn=<AddmmBackward>)
13,14,tensor([[ 0.0284, -0.0222, -0.0676]], grad_fn=<AddmmBackward>)
13,15,tensor([[-0.0198, -0.0092, -0.0297]], grad_fn=<AddmmBackward>)
13,16,tensor([[ 0.0058, -0.0452, -0.0447]], grad_fn=<AddmmBackward>)
13,17,tensor([[-0.0235, -0.0493, -0.0967]], grad_fn=<AddmmBackward>)
13,18,tensor([[ 0.0561,  0.0053, -0.0181]], grad_fn=<AddmmBackward>)
13,19,tensor([[ 0.0133, -0.0454, -0.0343]], grad_fn=<AddmmBackward>)
13,20,tensor([[ 0.0168, -0.0393, -0.0483]], grad_fn=<AddmmBackward>)
13,21,tensor([[ 0.0165, -0.0114, -0.0311]], grad_fn=<AddmmBackward>)
13,22,tensor([[-0.0009, -0.0392, -0.0378]], grad_fn=<AddmmBackward>)
13,23,tensor([[ 0.0067, -0.0445, -0.0534]], grad_fn=<AddmmBackward>)
13,24,tensor([[-0.0110, -0.0501, -0.0564]], grad_fn=<AddmmBackward>)
13,25,tensor([[ 0.0292, -0.0083, -0.0538]], grad_fn=<AddmmBackward>)
13,26,tensor([[ 0.0094,  0.0059, -0.0377]], grad_fn=<AddmmBackward>)
13,27,tensor([[ 0.0401, -0.0425, -0.0401]], grad_fn=<AddmmBackward>)
13,28,tensor([[-0.0286, -0.0470, -0.0546]], grad_fn=<AddmmBackward>)
13,29,tensor([[ 0.0543, -0.0292, -0.0400]], grad_fn=<AddmmBackward>)
14,1,tensor([[-0.0126, -0.0555, -0.0484]], grad_fn=<AddmmBackward>)
14,2,tensor([[ 0.0464, -0.0330, -0.0673]], grad_fn=<AddmmBackward>)
14,3,tensor([[ 0.0114, -0.0418, -0.0338]], grad_fn=<AddmmBackward>)
14,4,tensor([[-0.0647, -0.0678,  0.0033]], grad_fn=<AddmmBackward>)
14,5,tensor([[ 0.0827, -0.0022, -0.0919]], grad_fn=<AddmmBackward>)
14,6,tensor([[-0.0927,  0.1139, -0.0001]], grad_fn=<AddmmBackward>)
14,7,tensor([[ 0.1067, -0.0160, -0.0252]], grad_fn=<AddmmBackward>)
14,8,tensor([[-0.1272,  0.0276, -0.1764]], grad_fn=<AddmmBackward>)
14,9,tensor([[ 0.0565,  0.0667, -0.0257]], grad_fn=<AddmmBackward>)
14,10,tensor([[ 0.0604, -0.0299, -0.0851]], grad_fn=<AddmmBackward>)
14,11,tensor([[ 0.0767,  0.0635, -0.0980]], grad_fn=<AddmmBackward>)
14,12,tensor([[ 0.0572, -0.1120, -0.0358]], grad_fn=<AddmmBackward>)
14,13,tensor([[-0.0301, -0.0362, -0.0434]], grad_fn=<AddmmBackward>)
14,14,tensor([[ 0.0267, -0.0261, -0.0670]], grad_fn=<AddmmBackward>)
14,15,tensor([[-0.0218, -0.0025, -0.0269]], grad_fn=<AddmmBackward>)
14,16,tensor([[ 0.0165, -0.0554, -0.0170]], grad_fn=<AddmmBackward>)
14,17,tensor([[-0.0427, -0.0576, -0.1130]], grad_fn=<AddmmBackward>)
14,18,tensor([[ 0.0608, -0.0219, -0.0254]], grad_fn=<AddmmBackward>)
14,19,tensor([[ 0.0173, -0.0375, -0.0498]], grad_fn=<AddmmBackward>)
14,20,tensor([[ 0.0100, -0.0392, -0.0860]], grad_fn=<AddmmBackward>)
14,21,tensor([[ 0.0121, -0.0066, -0.0402]], grad_fn=<AddmmBackward>)
14,22,tensor([[ 0.0090, -0.0255, -0.0132]], grad_fn=<AddmmBackward>)
14,23,tensor([[-0.0184, -0.0550, -0.0539]], grad_fn=<AddmmBackward>)
14,24,tensor([[-0.0153, -0.0281, -0.0641]], grad_fn=<AddmmBackward>)
14,25,tensor([[ 0.0444, -0.0128, -0.0587]], grad_fn=<AddmmBackward>)
14,26,tensor([[ 0.0208, -0.0052, -0.0226]], grad_fn=<AddmmBackward>)
14,27,tensor([[ 0.0439, -0.0254, -0.0431]], grad_fn=<AddmmBackward>)
14,28,tensor([[-0.0170, -0.0282, -0.0524]], grad_fn=<AddmmBackward>)
14,29,tensor([[ 0.0447, -0.0495, -0.0463]], grad_fn=<AddmmBackward>)
15,1,tensor([[-0.0118, -0.0414, -0.0388]], grad_fn=<AddmmBackward>)
15,2,tensor([[-0.0132, -0.1051,  0.0008]], grad_fn=<AddmmBackward>)
15,3,tensor([[ 0.0147, -0.0244, -0.0750]], grad_fn=<AddmmBackward>)
15,4,tensor([[-0.0983, -0.0682, -0.0192]], grad_fn=<AddmmBackward>)
15,5,tensor([[ 0.0568,  0.0003, -0.0057]], grad_fn=<AddmmBackward>)
15,6,tensor([[-0.0761,  0.1255, -0.0056]], grad_fn=<AddmmBackward>)
15,7,tensor([[ 0.1297, -0.0100,  0.0252]], grad_fn=<AddmmBackward>)
15,8,tensor([[-0.1628, -0.0019, -0.1681]], grad_fn=<AddmmBackward>)
15,9,tensor([[0.0997, 0.0368, 0.0164]], grad_fn=<AddmmBackward>)
15,10,tensor([[ 0.1053,  0.0055, -0.0861]], grad_fn=<AddmmBackward>)
15,11,tensor([[ 0.0559,  0.0675, -0.0808]], grad_fn=<AddmmBackward>)
15,12,tensor([[ 0.0572, -0.0075, -0.0940]], grad_fn=<AddmmBackward>)
15,13,tensor([[-0.0139, -0.0435, -0.0467]], grad_fn=<AddmmBackward>)
15,14,tensor([[ 0.0296, -0.0338, -0.0721]], grad_fn=<AddmmBackward>)
15,15,tensor([[-0.0124, -0.0097, -0.0409]], grad_fn=<AddmmBackward>)
15,16,tensor([[ 0.0287, -0.0453, -0.0425]], grad_fn=<AddmmBackward>)
15,17,tensor([[-0.0390, -0.0406, -0.0762]], grad_fn=<AddmmBackward>)
15,18,tensor([[ 0.0524, -0.0137, -0.0309]], grad_fn=<AddmmBackward>)
15,19,tensor([[-0.0006, -0.0194, -0.0191]], grad_fn=<AddmmBackward>)
15,20,tensor([[ 0.0390, -0.0406, -0.0644]], grad_fn=<AddmmBackward>)
15,21,tensor([[ 0.0237, -0.0195, -0.0517]], grad_fn=<AddmmBackward>)
15,22,tensor([[ 0.0171, -0.0134, -0.0247]], grad_fn=<AddmmBackward>)
15,23,tensor([[-0.0202, -0.0301, -0.0553]], grad_fn=<AddmmBackward>)
15,24,tensor([[-0.0235, -0.0368, -0.0484]], grad_fn=<AddmmBackward>)
15,25,tensor([[ 0.0393, -0.0215, -0.0351]], grad_fn=<AddmmBackward>)
15,26,tensor([[ 0.0220, -0.0045, -0.0267]], grad_fn=<AddmmBackward>)
15,27,tensor([[ 0.0165, -0.0231, -0.0345]], grad_fn=<AddmmBackward>)
15,28,tensor([[-0.0322, -0.0541, -0.0692]], grad_fn=<AddmmBackward>)
15,29,tensor([[ 0.0590, -0.0193, -0.0345]], grad_fn=<AddmmBackward>)
16,1,tensor([[ 0.0076, -0.0364, -0.0373]], grad_fn=<AddmmBackward>)
16,2,tensor([[-0.0363, -0.1076, -0.0069]], grad_fn=<AddmmBackward>)
16,3,tensor([[ 0.0082, -0.0280, -0.0670]], grad_fn=<AddmmBackward>)
16,4,tensor([[-0.0573, -0.0351, -0.0268]], grad_fn=<AddmmBackward>)
16,5,tensor([[ 0.1629, -0.0050, -0.0493]], grad_fn=<AddmmBackward>)
16,6,tensor([[-0.0294,  0.0567,  0.0479]], grad_fn=<AddmmBackward>)
16,7,tensor([[ 0.1003, -0.0288,  0.0720]], grad_fn=<AddmmBackward>)
16,8,tensor([[-0.0722, -0.0638, -0.2099]], grad_fn=<AddmmBackward>)
16,9,tensor([[ 0.1762,  0.0916, -0.0102]], grad_fn=<AddmmBackward>)
16,10,tensor([[ 0.1193,  0.0364, -0.0556]], grad_fn=<AddmmBackward>)
16,11,tensor([[ 0.0317,  0.0555, -0.0955]], grad_fn=<AddmmBackward>)
16,12,tensor([[ 0.0241, -0.0352, -0.0708]], grad_fn=<AddmmBackward>)
16,13,tensor([[-0.0013, -0.0655, -0.0372]], grad_fn=<AddmmBackward>)
16,14,tensor([[ 0.0278, -0.0513, -0.0636]], grad_fn=<AddmmBackward>)
16,15,tensor([[ 0.0090, -0.0011, -0.0301]], grad_fn=<AddmmBackward>)
16,16,tensor([[ 0.0356, -0.0443, -0.0287]], grad_fn=<AddmmBackward>)
16,17,tensor([[-0.0351, -0.0687, -0.0823]], grad_fn=<AddmmBackward>)
16,18,tensor([[ 0.0620, -0.0159, -0.0237]], grad_fn=<AddmmBackward>)
16,19,tensor([[ 0.0012, -0.0019, -0.0464]], grad_fn=<AddmmBackward>)
16,20,tensor([[ 0.0346, -0.0311, -0.0321]], grad_fn=<AddmmBackward>)
16,21,tensor([[ 0.0128, -0.0097, -0.0565]], grad_fn=<AddmmBackward>)
16,22,tensor([[ 0.0059, -0.0122, -0.0287]], grad_fn=<AddmmBackward>)
16,23,tensor([[ 0.0079, -0.0308, -0.0640]], grad_fn=<AddmmBackward>)
16,24,tensor([[-0.0249, -0.0257, -0.0602]], grad_fn=<AddmmBackward>)
16,25,tensor([[ 0.0257, -0.0153, -0.0459]], grad_fn=<AddmmBackward>)
16,26,tensor([[ 0.0194,  0.0062, -0.0308]], grad_fn=<AddmmBackward>)
16,27,tensor([[ 0.0457, -0.0313, -0.0384]], grad_fn=<AddmmBackward>)
16,28,tensor([[-0.0246, -0.0365, -0.0594]], grad_fn=<AddmmBackward>)
16,29,tensor([[ 0.0165, -0.0161, -0.0377]], grad_fn=<AddmmBackward>)
17,1,tensor([[-0.0076, -0.0419, -0.0331]], grad_fn=<AddmmBackward>)
17,2,tensor([[ 0.0162, -0.0576, -0.0557]], grad_fn=<AddmmBackward>)
17,3,tensor([[ 0.0622, -0.0100, -0.0517]], grad_fn=<AddmmBackward>)
17,4,tensor([[-0.0739, -0.0320, -0.0601]], grad_fn=<AddmmBackward>)
17,5,tensor([[ 0.1168,  0.0314, -0.0448]], grad_fn=<AddmmBackward>)
17,6,tensor([[-0.0337,  0.0937,  0.0045]], grad_fn=<AddmmBackward>)
17,7,tensor([[ 0.0769, -0.0047,  0.0076]], grad_fn=<AddmmBackward>)
17,8,tensor([[-0.0981,  0.0286, -0.2170]], grad_fn=<AddmmBackward>)
17,9,tensor([[0.1135, 0.0445, 0.0015]], grad_fn=<AddmmBackward>)
17,10,tensor([[ 0.0314, -0.0535, -0.0770]], grad_fn=<AddmmBackward>)
17,11,tensor([[ 0.1148,  0.0523, -0.0754]], grad_fn=<AddmmBackward>)
17,12,tensor([[ 0.0668, -0.0363, -0.0688]], grad_fn=<AddmmBackward>)
17,13,tensor([[-0.0196, -0.0133, -0.0072]], grad_fn=<AddmmBackward>)
17,14,tensor([[ 0.0334, -0.0098, -0.0545]], grad_fn=<AddmmBackward>)
17,15,tensor([[-0.0199, -0.0214, -0.0136]], grad_fn=<AddmmBackward>)
17,16,tensor([[ 0.0118, -0.0629, -0.0212]], grad_fn=<AddmmBackward>)
17,17,tensor([[-0.0057, -0.0299, -0.0874]], grad_fn=<AddmmBackward>)
17,18,tensor([[ 0.0447,  0.0224, -0.0310]], grad_fn=<AddmmBackward>)
17,19,tensor([[-0.0043,  0.0073, -0.0211]], grad_fn=<AddmmBackward>)
17,20,tensor([[ 0.0217, -0.0715, -0.0507]], grad_fn=<AddmmBackward>)
17,21,tensor([[-0.0091, -0.0280, -0.0364]], grad_fn=<AddmmBackward>)
17,22,tensor([[ 0.0013, -0.0135, -0.0247]], grad_fn=<AddmmBackward>)
17,23,tensor([[ 0.0013, -0.0349, -0.0544]], grad_fn=<AddmmBackward>)
17,24,tensor([[-0.0299,  0.0121, -0.0557]], grad_fn=<AddmmBackward>)
17,25,tensor([[ 0.0570, -0.0133, -0.0546]], grad_fn=<AddmmBackward>)
17,26,tensor([[ 0.0211, -0.0083, -0.0293]], grad_fn=<AddmmBackward>)
17,27,tensor([[ 0.0201, -0.0362, -0.0250]], grad_fn=<AddmmBackward>)
17,28,tensor([[-0.0320, -0.0591, -0.0524]], grad_fn=<AddmmBackward>)
17,29,tensor([[ 0.0433, -0.0148, -0.0433]], grad_fn=<AddmmBackward>)
18,1,tensor([[-0.0026, -0.0450, -0.0461]], grad_fn=<AddmmBackward>)
18,2,tensor([[ 0.0157, -0.1083, -0.0194]], grad_fn=<AddmmBackward>)
18,3,tensor([[ 0.0820, -0.0202, -0.0946]], grad_fn=<AddmmBackward>)
18,4,tensor([[-0.0579,  0.0016, -0.0200]], grad_fn=<AddmmBackward>)
18,5,tensor([[ 0.1081,  0.0613, -0.0797]], grad_fn=<AddmmBackward>)
18,6,tensor([[-0.0758,  0.0897, -0.0369]], grad_fn=<AddmmBackward>)
18,7,tensor([[0.1053, 0.0239, 0.0053]], grad_fn=<AddmmBackward>)
18,8,tensor([[-0.1534, -0.0264, -0.2606]], grad_fn=<AddmmBackward>)
18,9,tensor([[ 0.1302,  0.0071, -0.0298]], grad_fn=<AddmmBackward>)
18,10,tensor([[ 0.1226,  0.0720, -0.1269]], grad_fn=<AddmmBackward>)
18,11,tensor([[ 0.0736,  0.1039, -0.1307]], grad_fn=<AddmmBackward>)
18,12,tensor([[ 0.0371, -0.0474, -0.0558]], grad_fn=<AddmmBackward>)
18,13,tensor([[-0.0179, -0.0878,  0.0167]], grad_fn=<AddmmBackward>)
18,14,tensor([[ 0.0387, -0.0480, -0.0564]], grad_fn=<AddmmBackward>)
18,15,tensor([[-0.0084,  0.0379, -0.0242]], grad_fn=<AddmmBackward>)
18,16,tensor([[ 0.0003, -0.0304, -0.0514]], grad_fn=<AddmmBackward>)
18,17,tensor([[-0.0309, -0.0307, -0.0955]], grad_fn=<AddmmBackward>)
18,18,tensor([[ 0.0464,  0.0108, -0.0408]], grad_fn=<AddmmBackward>)
18,19,tensor([[-0.0031, -0.0681, -0.0415]], grad_fn=<AddmmBackward>)
18,20,tensor([[ 0.0213, -0.0503, -0.0456]], grad_fn=<AddmmBackward>)
18,21,tensor([[ 0.0182,  0.0001, -0.0373]], grad_fn=<AddmmBackward>)
18,22,tensor([[-0.0081, -0.0271, -0.0267]], grad_fn=<AddmmBackward>)
18,23,tensor([[ 0.0091, -0.0277, -0.0777]], grad_fn=<AddmmBackward>)
18,24,tensor([[-0.0223, -0.0159, -0.0648]], grad_fn=<AddmmBackward>)
18,25,tensor([[ 0.0381, -0.0033, -0.0885]], grad_fn=<AddmmBackward>)
18,26,tensor([[ 0.0330, -0.0116, -0.0327]], grad_fn=<AddmmBackward>)
18,27,tensor([[ 0.0280, -0.0357, -0.0465]], grad_fn=<AddmmBackward>)
18,28,tensor([[-0.0225, -0.0490, -0.0342]], grad_fn=<AddmmBackward>)
18,29,tensor([[ 0.0376, -0.0013, -0.0359]], grad_fn=<AddmmBackward>)
19,1,tensor([[-0.0179, -0.0576, -0.0454]], grad_fn=<AddmmBackward>)
19,2,tensor([[-0.0024, -0.1031, -0.0570]], grad_fn=<AddmmBackward>)
19,3,tensor([[ 0.0257, -0.0251, -0.0276]], grad_fn=<AddmmBackward>)
19,4,tensor([[-0.1035, -0.0127, -0.0470]], grad_fn=<AddmmBackward>)
19,5,tensor([[ 0.0567, -0.0245, -0.0383]], grad_fn=<AddmmBackward>)
19,6,tensor([[ 0.0330,  0.0687, -0.0316]], grad_fn=<AddmmBackward>)
19,7,tensor([[0.0585, 0.0353, 0.0577]], grad_fn=<AddmmBackward>)
19,8,tensor([[-0.0692, -0.0763, -0.1472]], grad_fn=<AddmmBackward>)
19,9,tensor([[ 0.0769,  0.0763, -0.0809]], grad_fn=<AddmmBackward>)
19,10,tensor([[ 0.1272,  0.0141, -0.0754]], grad_fn=<AddmmBackward>)
19,11,tensor([[ 0.0951,  0.0725, -0.1405]], grad_fn=<AddmmBackward>)
19,12,tensor([[ 0.0562, -0.0570, -0.0391]], grad_fn=<AddmmBackward>)
19,13,tensor([[-0.0037, -0.0686, -0.0141]], grad_fn=<AddmmBackward>)
19,14,tensor([[ 0.0319, -0.0442, -0.0529]], grad_fn=<AddmmBackward>)
19,15,tensor([[-0.0082,  0.0026, -0.0055]], grad_fn=<AddmmBackward>)
19,16,tensor([[ 0.0207, -0.0472, -0.0450]], grad_fn=<AddmmBackward>)
19,17,tensor([[-0.0134, -0.0201, -0.0745]], grad_fn=<AddmmBackward>)
19,18,tensor([[ 0.0599, -0.0081, -0.0112]], grad_fn=<AddmmBackward>)
19,19,tensor([[ 0.0130, -0.0191, -0.0494]], grad_fn=<AddmmBackward>)
19,20,tensor([[ 0.0002, -0.0421, -0.0633]], grad_fn=<AddmmBackward>)
19,21,tensor([[ 0.0189, -0.0246, -0.0444]], grad_fn=<AddmmBackward>)
19,22,tensor([[ 0.0045, -0.0194, -0.0123]], grad_fn=<AddmmBackward>)
19,23,tensor([[-0.0128, -0.0260, -0.0517]], grad_fn=<AddmmBackward>)
19,24,tensor([[-0.0167, -0.0166, -0.0387]], grad_fn=<AddmmBackward>)
19,25,tensor([[ 0.0430, -0.0178, -0.0697]], grad_fn=<AddmmBackward>)
19,26,tensor([[ 0.0266,  0.0066, -0.0456]], grad_fn=<AddmmBackward>)
19,27,tensor([[ 0.0518, -0.0441, -0.0387]], grad_fn=<AddmmBackward>)
19,28,tensor([[-0.0337, -0.0406, -0.0609]], grad_fn=<AddmmBackward>)
19,29,tensor([[ 0.0447, -0.0235, -0.0493]], grad_fn=<AddmmBackward>)
19,30,tensor([[ 0.0028, -0.0157, -0.0279]], grad_fn=<AddmmBackward>)
19,31,tensor([[ 0.0048, -0.0319, -0.0208]], grad_fn=<AddmmBackward>)
19,32,tensor([[-0.0003, -0.0215, -0.0507]], grad_fn=<AddmmBackward>)
19,33,tensor([[ 0.0432, -0.0017, -0.0205]], grad_fn=<AddmmBackward>)
